a,b,result
0,0,0
0,1,0
0,2,0
0,3,0
0,4,0
0,5,0
0,6,0
0,7,0
0,8,0
0,9,0
0,10,0
0,11,0
0,12,0
0,13,0
0,14,0
0,15,0
0,16,0
0,17,0
0,18,0
0,19,0
0,20,0
0,21,0
0,22,0
0,23,0
0,24,0
0,25,0
0,26,0
0,27,0
0,28,0
0,29,0
0,30,0
0,31,0
0,32,0
0,33,0
0,34,0
0,35,0
0,36,0
0,37,0
0,38,0
0,39,0
0,40,0
0,41,0
0,42,0
0,43,0
0,44,0
0,45,0
0,46,0
0,47,0
0,48,0
0,49,0
0,50,0
0,51,0
0,52,0
0,53,0
0,54,0
0,55,0
0,56,0
0,57,0
0,58,0
0,59,0
0,60,0
0,61,0
0,62,0
0,63,0
0,64,0
0,65,0
0,66,0
0,67,0
0,68,0
0,69,0
0,70,0
0,71,0
0,72,0
0,73,0
0,74,0
0,75,0
0,76,0
0,77,0
0,78,0
0,79,0
0,80,0
0,81,0
0,82,0
0,83,0
0,84,0
0,85,0
0,86,0
0,87,0
0,88,0
0,89,0
0,90,0
0,91,0
0,92,0
0,93,0
0,94,0
0,95,0
0,96,0
0,97,0
0,98,0
0,99,0
0,100,0
0,101,0
0,102,0
0,103,0
0,104,0
0,105,0
0,106,0
0,107,0
0,108,0
0,109,0
0,110,0
0,111,0
0,112,0
1,0,0
1,1,1
1,2,2
1,3,3
1,4,4
1,5,5
1,6,6
1,7,7
1,8,8
1,9,9
1,10,10
1,11,11
1,12,12
1,13,13
1,14,14
1,15,15
1,16,16
1,17,17
1,18,18
1,19,19
1,20,20
1,21,21
1,22,22
1,23,23
1,24,24
1,25,25
1,26,26
1,27,27
1,28,28
1,29,29
1,30,30
1,31,31
1,32,32
1,33,33
1,34,34
1,35,35
1,36,36
1,37,37
1,38,38
1,39,39
1,40,40
1,41,41
1,42,42
1,43,43
1,44,44
1,45,45
1,46,46
1,47,47
1,48,48
1,49,49
1,50,50
1,51,51
1,52,52
1,53,53
1,54,54
1,55,55
1,56,56
1,57,57
1,58,58
1,59,59
1,60,60
1,61,61
1,62,62
1,63,63
1,64,64
1,65,65
1,66,66
1,67,67
1,68,68
1,69,69
1,70,70
1,71,71
1,72,72
1,73,73
1,74,74
1,75,75
1,76,76
1,77,77
1,78,78
1,79,79
1,80,80
1,81,81
1,82,82
1,83,83
1,84,84
1,85,85
1,86,86
1,87,87
1,88,88
1,89,89
1,90,90
1,91,91
1,92,92
1,93,93
1,94,94
1,95,95
1,96,96
1,97,97
1,98,98
1,99,99
1,100,100
1,101,101
1,102,102
1,103,103
1,104,104
1,105,105
1,106,106
1,107,107
1,108,108
1,109,109
1,110,110
1,111,111
1,112,112
2,0,0
2,1,2
2,2,4
2,3,6
2,4,8
2,5,10
2,6,12
2,7,14
2,8,16
2,9,18
2,10,20
2,11,22
2,12,24
2,13,26
2,14,28
2,15,30
2,16,32
2,17,34
2,18,36
2,19,38
2,20,40
2,21,42
2,22,44
2,23,46
2,24,48
2,25,50
2,26,52
2,27,54
2,28,56
2,29,58
2,30,60
2,31,62
2,32,64
2,33,66
2,34,68
2,35,70
2,36,72
2,37,74
2,38,76
2,39,78
2,40,80
2,41,82
2,42,84
2,43,86
2,44,88
2,45,90
2,46,92
2,47,94
2,48,96
2,49,98
2,50,100
2,51,102
2,52,104
2,53,106
2,54,108
2,55,110
2,56,112
2,57,1
2,58,3
2,59,5
2,60,7
2,61,9
2,62,11
2,63,13
2,64,15
2,65,17
2,66,19
2,67,21
2,68,23
2,69,25
2,70,27
2,71,29
2,72,31
2,73,33
2,74,35
2,75,37
2,76,39
2,77,41
2,78,43
2,79,45
2,80,47
2,81,49
2,82,51
2,83,53
2,84,55
2,85,57
2,86,59
2,87,61
2,88,63
2,89,65
2,90,67
2,91,69
2,92,71
2,93,73
2,94,75
2,95,77
2,96,79
2,97,81
2,98,83
2,99,85
2,100,87
2,101,89
2,102,91
2,103,93
2,104,95
2,105,97
2,106,99
2,107,101
2,108,103
2,109,105
2,110,107
2,111,109
2,112,111
3,0,0
3,1,3
3,2,6
3,3,9
3,4,12
3,5,15
3,6,18
3,7,21
3,8,24
3,9,27
3,10,30
3,11,33
3,12,36
3,13,39
3,14,42
3,15,45
3,16,48
3,17,51
3,18,54
3,19,57
3,20,60
3,21,63
3,22,66
3,23,69
3,24,72
3,25,75
3,26,78
3,27,81
3,28,84
3,29,87
3,30,90
3,31,93
3,32,96
3,33,99
3,34,102
3,35,105
3,36,108
3,37,111
3,38,1
3,39,4
3,40,7
3,41,10
3,42,13
3,43,16
3,44,19
3,45,22
3,46,25
3,47,28
3,48,31
3,49,34
3,50,37
3,51,40
3,52,43
3,53,46
3,54,49
3,55,52
3,56,55
3,57,58
3,58,61
3,59,64
3,60,67
3,61,70
3,62,73
3,63,76
3,64,79
3,65,82
3,66,85
3,67,88
3,68,91
3,69,94
3,70,97
3,71,100
3,72,103
3,73,106
3,74,109
3,75,112
3,76,2
3,77,5
3,78,8
3,79,11
3,80,14
3,81,17
3,82,20
3,83,23
3,84,26
3,85,29
3,86,32
3,87,35
3,88,38
3,89,41
3,90,44
3,91,47
3,92,50
3,93,53
3,94,56
3,95,59
3,96,62
3,97,65
3,98,68
3,99,71
3,100,74
3,101,77
3,102,80
3,103,83
3,104,86
3,105,89
3,106,92
3,107,95
3,108,98
3,109,101
3,110,104
3,111,107
3,112,110
4,0,0
4,1,4
4,2,8
4,3,12
4,4,16
4,5,20
4,6,24
4,7,28
4,8,32
4,9,36
4,10,40
4,11,44
4,12,48
4,13,52
4,14,56
4,15,60
4,16,64
4,17,68
4,18,72
4,19,76
4,20,80
4,21,84
4,22,88
4,23,92
4,24,96
4,25,100
4,26,104
4,27,108
4,28,112
4,29,3
4,30,7
4,31,11
4,32,15
4,33,19
4,34,23
4,35,27
4,36,31
4,37,35
4,38,39
4,39,43
4,40,47
4,41,51
4,42,55
4,43,59
4,44,63
4,45,67
4,46,71
4,47,75
4,48,79
4,49,83
4,50,87
4,51,91
4,52,95
4,53,99
4,54,103
4,55,107
4,56,111
4,57,2
4,58,6
4,59,10
4,60,14
4,61,18
4,62,22
4,63,26
4,64,30
4,65,34
4,66,38
4,67,42
4,68,46
4,69,50
4,70,54
4,71,58
4,72,62
4,73,66
4,74,70
4,75,74
4,76,78
4,77,82
4,78,86
4,79,90
4,80,94
4,81,98
4,82,102
4,83,106
4,84,110
4,85,1
4,86,5
4,87,9
4,88,13
4,89,17
4,90,21
4,91,25
4,92,29
4,93,33
4,94,37
4,95,41
4,96,45
4,97,49
4,98,53
4,99,57
4,100,61
4,101,65
4,102,69
4,103,73
4,104,77
4,105,81
4,106,85
4,107,89
4,108,93
4,109,97
4,110,101
4,111,105
4,112,109
5,0,0
5,1,5
5,2,10
5,3,15
5,4,20
5,5,25
5,6,30
5,7,35
5,8,40
5,9,45
5,10,50
5,11,55
5,12,60
5,13,65
5,14,70
5,15,75
5,16,80
5,17,85
5,18,90
5,19,95
5,20,100
5,21,105
5,22,110
5,23,2
5,24,7
5,25,12
5,26,17
5,27,22
5,28,27
5,29,32
5,30,37
5,31,42
5,32,47
5,33,52
5,34,57
5,35,62
5,36,67
5,37,72
5,38,77
5,39,82
5,40,87
5,41,92
5,42,97
5,43,102
5,44,107
5,45,112
5,46,4
5,47,9
5,48,14
5,49,19
5,50,24
5,51,29
5,52,34
5,53,39
5,54,44
5,55,49
5,56,54
5,57,59
5,58,64
5,59,69
5,60,74
5,61,79
5,62,84
5,63,89
5,64,94
5,65,99
5,66,104
5,67,109
5,68,1
5,69,6
5,70,11
5,71,16
5,72,21
5,73,26
5,74,31
5,75,36
5,76,41
5,77,46
5,78,51
5,79,56
5,80,61
5,81,66
5,82,71
5,83,76
5,84,81
5,85,86
5,86,91
5,87,96
5,88,101
5,89,106
5,90,111
5,91,3
5,92,8
5,93,13
5,94,18
5,95,23
5,96,28
5,97,33
5,98,38
5,99,43
5,100,48
5,101,53
5,102,58
5,103,63
5,104,68
5,105,73
5,106,78
5,107,83
5,108,88
5,109,93
5,110,98
5,111,103
5,112,108
6,0,0
6,1,6
6,2,12
6,3,18
6,4,24
6,5,30
6,6,36
6,7,42
6,8,48
6,9,54
6,10,60
6,11,66
6,12,72
6,13,78
6,14,84
6,15,90
6,16,96
6,17,102
6,18,108
6,19,1
6,20,7
6,21,13
6,22,19
6,23,25
6,24,31
6,25,37
6,26,43
6,27,49
6,28,55
6,29,61
6,30,67
6,31,73
6,32,79
6,33,85
6,34,91
6,35,97
6,36,103
6,37,109
6,38,2
6,39,8
6,40,14
6,41,20
6,42,26
6,43,32
6,44,38
6,45,44
6,46,50
6,47,56
6,48,62
6,49,68
6,50,74
6,51,80
6,52,86
6,53,92
6,54,98
6,55,104
6,56,110
6,57,3
6,58,9
6,59,15
6,60,21
6,61,27
6,62,33
6,63,39
6,64,45
6,65,51
6,66,57
6,67,63
6,68,69
6,69,75
6,70,81
6,71,87
6,72,93
6,73,99
6,74,105
6,75,111
6,76,4
6,77,10
6,78,16
6,79,22
6,80,28
6,81,34
6,82,40
6,83,46
6,84,52
6,85,58
6,86,64
6,87,70
6,88,76
6,89,82
6,90,88
6,91,94
6,92,100
6,93,106
6,94,112
6,95,5
6,96,11
6,97,17
6,98,23
6,99,29
6,100,35
6,101,41
6,102,47
6,103,53
6,104,59
6,105,65
6,106,71
6,107,77
6,108,83
6,109,89
6,110,95
6,111,101
6,112,107
7,0,0
7,1,7
7,2,14
7,3,21
7,4,28
7,5,35
7,6,42
7,7,49
7,8,56
7,9,63
7,10,70
7,11,77
7,12,84
7,13,91
7,14,98
7,15,105
7,16,112
7,17,6
7,18,13
7,19,20
7,20,27
7,21,34
7,22,41
7,23,48
7,24,55
7,25,62
7,26,69
7,27,76
7,28,83
7,29,90
7,30,97
7,31,104
7,32,111
7,33,5
7,34,12
7,35,19
7,36,26
7,37,33
7,38,40
7,39,47
7,40,54
7,41,61
7,42,68
7,43,75
7,44,82
7,45,89
7,46,96
7,47,103
7,48,110
7,49,4
7,50,11
7,51,18
7,52,25
7,53,32
7,54,39
7,55,46
7,56,53
7,57,60
7,58,67
7,59,74
7,60,81
7,61,88
7,62,95
7,63,102
7,64,109
7,65,3
7,66,10
7,67,17
7,68,24
7,69,31
7,70,38
7,71,45
7,72,52
7,73,59
7,74,66
7,75,73
7,76,80
7,77,87
7,78,94
7,79,101
7,80,108
7,81,2
7,82,9
7,83,16
7,84,23
7,85,30
7,86,37
7,87,44
7,88,51
7,89,58
7,90,65
7,91,72
7,92,79
7,93,86
7,94,93
7,95,100
7,96,107
7,97,1
7,98,8
7,99,15
7,100,22
7,101,29
7,102,36
7,103,43
7,104,50
7,105,57
7,106,64
7,107,71
7,108,78
7,109,85
7,110,92
7,111,99
7,112,106
8,0,0
8,1,8
8,2,16
8,3,24
8,4,32
8,5,40
8,6,48
8,7,56
8,8,64
8,9,72
8,10,80
8,11,88
8,12,96
8,13,104
8,14,112
8,15,7
8,16,15
8,17,23
8,18,31
8,19,39
8,20,47
8,21,55
8,22,63
8,23,71
8,24,79
8,25,87
8,26,95
8,27,103
8,28,111
8,29,6
8,30,14
8,31,22
8,32,30
8,33,38
8,34,46
8,35,54
8,36,62
8,37,70
8,38,78
8,39,86
8,40,94
8,41,102
8,42,110
8,43,5
8,44,13
8,45,21
8,46,29
8,47,37
8,48,45
8,49,53
8,50,61
8,51,69
8,52,77
8,53,85
8,54,93
8,55,101
8,56,109
8,57,4
8,58,12
8,59,20
8,60,28
8,61,36
8,62,44
8,63,52
8,64,60
8,65,68
8,66,76
8,67,84
8,68,92
8,69,100
8,70,108
8,71,3
8,72,11
8,73,19
8,74,27
8,75,35
8,76,43
8,77,51
8,78,59
8,79,67
8,80,75
8,81,83
8,82,91
8,83,99
8,84,107
8,85,2
8,86,10
8,87,18
8,88,26
8,89,34
8,90,42
8,91,50
8,92,58
8,93,66
8,94,74
8,95,82
8,96,90
8,97,98
8,98,106
8,99,1
8,100,9
8,101,17
8,102,25
8,103,33
8,104,41
8,105,49
8,106,57
8,107,65
8,108,73
8,109,81
8,110,89
8,111,97
8,112,105
9,0,0
9,1,9
9,2,18
9,3,27
9,4,36
9,5,45
9,6,54
9,7,63
9,8,72
9,9,81
9,10,90
9,11,99
9,12,108
9,13,4
9,14,13
9,15,22
9,16,31
9,17,40
9,18,49
9,19,58
9,20,67
9,21,76
9,22,85
9,23,94
9,24,103
9,25,112
9,26,8
9,27,17
9,28,26
9,29,35
9,30,44
9,31,53
9,32,62
9,33,71
9,34,80
9,35,89
9,36,98
9,37,107
9,38,3
9,39,12
9,40,21
9,41,30
9,42,39
9,43,48
9,44,57
9,45,66
9,46,75
9,47,84
9,48,93
9,49,102
9,50,111
9,51,7
9,52,16
9,53,25
9,54,34
9,55,43
9,56,52
9,57,61
9,58,70
9,59,79
9,60,88
9,61,97
9,62,106
9,63,2
9,64,11
9,65,20
9,66,29
9,67,38
9,68,47
9,69,56
9,70,65
9,71,74
9,72,83
9,73,92
9,74,101
9,75,110
9,76,6
9,77,15
9,78,24
9,79,33
9,80,42
9,81,51
9,82,60
9,83,69
9,84,78
9,85,87
9,86,96
9,87,105
9,88,1
9,89,10
9,90,19
9,91,28
9,92,37
9,93,46
9,94,55
9,95,64
9,96,73
9,97,82
9,98,91
9,99,100
9,100,109
9,101,5
9,102,14
9,103,23
9,104,32
9,105,41
9,106,50
9,107,59
9,108,68
9,109,77
9,110,86
9,111,95
9,112,104
10,0,0
10,1,10
10,2,20
10,3,30
10,4,40
10,5,50
10,6,60
10,7,70
10,8,80
10,9,90
10,10,100
10,11,110
10,12,7
10,13,17
10,14,27
10,15,37
10,16,47
10,17,57
10,18,67
10,19,77
10,20,87
10,21,97
10,22,107
10,23,4
10,24,14
10,25,24
10,26,34
10,27,44
10,28,54
10,29,64
10,30,74
10,31,84
10,32,94
10,33,104
10,34,1
10,35,11
10,36,21
10,37,31
10,38,41
10,39,51
10,40,61
10,41,71
10,42,81
10,43,91
10,44,101
10,45,111
10,46,8
10,47,18
10,48,28
10,49,38
10,50,48
10,51,58
10,52,68
10,53,78
10,54,88
10,55,98
10,56,108
10,57,5
10,58,15
10,59,25
10,60,35
10,61,45
10,62,55
10,63,65
10,64,75
10,65,85
10,66,95
10,67,105
10,68,2
10,69,12
10,70,22
10,71,32
10,72,42
10,73,52
10,74,62
10,75,72
10,76,82
10,77,92
10,78,102
10,79,112
10,80,9
10,81,19
10,82,29
10,83,39
10,84,49
10,85,59
10,86,69
10,87,79
10,88,89
10,89,99
10,90,109
10,91,6
10,92,16
10,93,26
10,94,36
10,95,46
10,96,56
10,97,66
10,98,76
10,99,86
10,100,96
10,101,106
10,102,3
10,103,13
10,104,23
10,105,33
10,106,43
10,107,53
10,108,63
10,109,73
10,110,83
10,111,93
10,112,103
11,0,0
11,1,11
11,2,22
11,3,33
11,4,44
11,5,55
11,6,66
11,7,77
11,8,88
11,9,99
11,10,110
11,11,8
11,12,19
11,13,30
11,14,41
11,15,52
11,16,63
11,17,74
11,18,85
11,19,96
11,20,107
11,21,5
11,22,16
11,23,27
11,24,38
11,25,49
11,26,60
11,27,71
11,28,82
11,29,93
11,30,104
11,31,2
11,32,13
11,33,24
11,34,35
11,35,46
11,36,57
11,37,68
11,38,79
11,39,90
11,40,101
11,41,112
11,42,10
11,43,21
11,44,32
11,45,43
11,46,54
11,47,65
11,48,76
11,49,87
11,50,98
11,51,109
11,52,7
11,53,18
11,54,29
11,55,40
11,56,51
11,57,62
11,58,73
11,59,84
11,60,95
11,61,106
11,62,4
11,63,15
11,64,26
11,65,37
11,66,48
11,67,59
11,68,70
11,69,81
11,70,92
11,71,103
11,72,1
11,73,12
11,74,23
11,75,34
11,76,45
11,77,56
11,78,67
11,79,78
11,80,89
11,81,100
11,82,111
11,83,9
11,84,20
11,85,31
11,86,42
11,87,53
11,88,64
11,89,75
11,90,86
11,91,97
11,92,108
11,93,6
11,94,17
11,95,28
11,96,39
11,97,50
11,98,61
11,99,72
11,100,83
11,101,94
11,102,105
11,103,3
11,104,14
11,105,25
11,106,36
11,107,47
11,108,58
11,109,69
11,110,80
11,111,91
11,112,102
12,0,0
12,1,12
12,2,24
12,3,36
12,4,48
12,5,60
12,6,72
12,7,84
12,8,96
12,9,108
12,10,7
12,11,19
12,12,31
12,13,43
12,14,55
12,15,67
12,16,79
12,17,91
12,18,103
12,19,2
12,20,14
12,21,26
12,22,38
12,23,50
12,24,62
12,25,74
12,26,86
12,27,98
12,28,110
12,29,9
12,30,21
12,31,33
12,32,45
12,33,57
12,34,69
12,35,81
12,36,93
12,37,105
12,38,4
12,39,16
12,40,28
12,41,40
12,42,52
12,43,64
12,44,76
12,45,88
12,46,100
12,47,112
12,48,11
12,49,23
12,50,35
12,51,47
12,52,59
12,53,71
12,54,83
12,55,95
12,56,107
12,57,6
12,58,18
12,59,30
12,60,42
12,61,54
12,62,66
12,63,78
12,64,90
12,65,102
12,66,1
12,67,13
12,68,25
12,69,37
12,70,49
12,71,61
12,72,73
12,73,85
12,74,97
12,75,109
12,76,8
12,77,20
12,78,32
12,79,44
12,80,56
12,81,68
12,82,80
12,83,92
12,84,104
12,85,3
12,86,15
12,87,27
12,88,39
12,89,51
12,90,63
12,91,75
12,92,87
12,93,99
12,94,111
12,95,10
12,96,22
12,97,34
12,98,46
12,99,58
12,100,70
12,101,82
12,102,94
12,103,106
12,104,5
12,105,17
12,106,29
12,107,41
12,108,53
12,109,65
12,110,77
12,111,89
12,112,101
13,0,0
13,1,13
13,2,26
13,3,39
13,4,52
13,5,65
13,6,78
13,7,91
13,8,104
13,9,4
13,10,17
13,11,30
13,12,43
13,13,56
13,14,69
13,15,82
13,16,95
13,17,108
13,18,8
13,19,21
13,20,34
13,21,47
13,22,60
13,23,73
13,24,86
13,25,99
13,26,112
13,27,12
13,28,25
13,29,38
13,30,51
13,31,64
13,32,77
13,33,90
13,34,103
13,35,3
13,36,16
13,37,29
13,38,42
13,39,55
13,40,68
13,41,81
13,42,94
13,43,107
13,44,7
13,45,20
13,46,33
13,47,46
13,48,59
13,49,72
13,50,85
13,51,98
13,52,111
13,53,11
13,54,24
13,55,37
13,56,50
13,57,63
13,58,76
13,59,89
13,60,102
13,61,2
13,62,15
13,63,28
13,64,41
13,65,54
13,66,67
13,67,80
13,68,93
13,69,106
13,70,6
13,71,19
13,72,32
13,73,45
13,74,58
13,75,71
13,76,84
13,77,97
13,78,110
13,79,10
13,80,23
13,81,36
13,82,49
13,83,62
13,84,75
13,85,88
13,86,101
13,87,1
13,88,14
13,89,27
13,90,40
13,91,53
13,92,66
13,93,79
13,94,92
13,95,105
13,96,5
13,97,18
13,98,31
13,99,44
13,100,57
13,101,70
13,102,83
13,103,96
13,104,109
13,105,9
13,106,22
13,107,35
13,108,48
13,109,61
13,110,74
13,111,87
13,112,100
14,0,0
14,1,14
14,2,28
14,3,42
14,4,56
14,5,70
14,6,84
14,7,98
14,8,112
14,9,13
14,10,27
14,11,41
14,12,55
14,13,69
14,14,83
14,15,97
14,16,111
14,17,12
14,18,26
14,19,40
14,20,54
14,21,68
14,22,82
14,23,96
14,24,110
14,25,11
14,26,25
14,27,39
14,28,53
14,29,67
14,30,81
14,31,95
14,32,109
14,33,10
14,34,24
14,35,38
14,36,52
14,37,66
14,38,80
14,39,94
14,40,108
14,41,9
14,42,23
14,43,37
14,44,51
14,45,65
14,46,79
14,47,93
14,48,107
14,49,8
14,50,22
14,51,36
14,52,50
14,53,64
14,54,78
14,55,92
14,56,106
14,57,7
14,58,21
14,59,35
14,60,49
14,61,63
14,62,77
14,63,91
14,64,105
14,65,6
14,66,20
14,67,34
14,68,48
14,69,62
14,70,76
14,71,90
14,72,104
14,73,5
14,74,19
14,75,33
14,76,47
14,77,61
14,78,75
14,79,89
14,80,103
14,81,4
14,82,18
14,83,32
14,84,46
14,85,60
14,86,74
14,87,88
14,88,102
14,89,3
14,90,17
14,91,31
14,92,45
14,93,59
14,94,73
14,95,87
14,96,101
14,97,2
14,98,16
14,99,30
14,100,44
14,101,58
14,102,72
14,103,86
14,104,100
14,105,1
14,106,15
14,107,29
14,108,43
14,109,57
14,110,71
14,111,85
14,112,99
15,0,0
15,1,15
15,2,30
15,3,45
15,4,60
15,5,75
15,6,90
15,7,105
15,8,7
15,9,22
15,10,37
15,11,52
15,12,67
15,13,82
15,14,97
15,15,112
15,16,14
15,17,29
15,18,44
15,19,59
15,20,74
15,21,89
15,22,104
15,23,6
15,24,21
15,25,36
15,26,51
15,27,66
15,28,81
15,29,96
15,30,111
15,31,13
15,32,28
15,33,43
15,34,58
15,35,73
15,36,88
15,37,103
15,38,5
15,39,20
15,40,35
15,41,50
15,42,65
15,43,80
15,44,95
15,45,110
15,46,12
15,47,27
15,48,42
15,49,57
15,50,72
15,51,87
15,52,102
15,53,4
15,54,19
15,55,34
15,56,49
15,57,64
15,58,79
15,59,94
15,60,109
15,61,11
15,62,26
15,63,41
15,64,56
15,65,71
15,66,86
15,67,101
15,68,3
15,69,18
15,70,33
15,71,48
15,72,63
15,73,78
15,74,93
15,75,108
15,76,10
15,77,25
15,78,40
15,79,55
15,80,70
15,81,85
15,82,100
15,83,2
15,84,17
15,85,32
15,86,47
15,87,62
15,88,77
15,89,92
15,90,107
15,91,9
15,92,24
15,93,39
15,94,54
15,95,69
15,96,84
15,97,99
15,98,1
15,99,16
15,100,31
15,101,46
15,102,61
15,103,76
15,104,91
15,105,106
15,106,8
15,107,23
15,108,38
15,109,53
15,110,68
15,111,83
15,112,98
16,0,0
16,1,16
16,2,32
16,3,48
16,4,64
16,5,80
16,6,96
16,7,112
16,8,15
16,9,31
16,10,47
16,11,63
16,12,79
16,13,95
16,14,111
16,15,14
16,16,30
16,17,46
16,18,62
16,19,78
16,20,94
16,21,110
16,22,13
16,23,29
16,24,45
16,25,61
16,26,77
16,27,93
16,28,109
16,29,12
16,30,28
16,31,44
16,32,60
16,33,76
16,34,92
16,35,108
16,36,11
16,37,27
16,38,43
16,39,59
16,40,75
16,41,91
16,42,107
16,43,10
16,44,26
16,45,42
16,46,58
16,47,74
16,48,90
16,49,106
16,50,9
16,51,25
16,52,41
16,53,57
16,54,73
16,55,89
16,56,105
16,57,8
16,58,24
16,59,40
16,60,56
16,61,72
16,62,88
16,63,104
16,64,7
16,65,23
16,66,39
16,67,55
16,68,71
16,69,87
16,70,103
16,71,6
16,72,22
16,73,38
16,74,54
16,75,70
16,76,86
16,77,102
16,78,5
16,79,21
16,80,37
16,81,53
16,82,69
16,83,85
16,84,101
16,85,4
16,86,20
16,87,36
16,88,52
16,89,68
16,90,84
16,91,100
16,92,3
16,93,19
16,94,35
16,95,51
16,96,67
16,97,83
16,98,99
16,99,2
16,100,18
16,101,34
16,102,50
16,103,66
16,104,82
16,105,98
16,106,1
16,107,17
16,108,33
16,109,49
16,110,65
16,111,81
16,112,97
17,0,0
17,1,17
17,2,34
17,3,51
17,4,68
17,5,85
17,6,102
17,7,6
17,8,23
17,9,40
17,10,57
17,11,74
17,12,91
17,13,108
17,14,12
17,15,29
17,16,46
17,17,63
17,18,80
17,19,97
17,20,1
17,21,18
17,22,35
17,23,52
17,24,69
17,25,86
17,26,103
17,27,7
17,28,24
17,29,41
17,30,58
17,31,75
17,32,92
17,33,109
17,34,13
17,35,30
17,36,47
17,37,64
17,38,81
17,39,98
17,40,2
17,41,19
17,42,36
17,43,53
17,44,70
17,45,87
17,46,104
17,47,8
17,48,25
17,49,42
17,50,59
17,51,76
17,52,93
17,53,110
17,54,14
17,55,31
17,56,48
17,57,65
17,58,82
17,59,99
17,60,3
17,61,20
17,62,37
17,63,54
17,64,71
17,65,88
17,66,105
17,67,9
17,68,26
17,69,43
17,70,60
17,71,77
17,72,94
17,73,111
17,74,15
17,75,32
17,76,49
17,77,66
17,78,83
17,79,100
17,80,4
17,81,21
17,82,38
17,83,55
17,84,72
17,85,89
17,86,106
17,87,10
17,88,27
17,89,44
17,90,61
17,91,78
17,92,95
17,93,112
17,94,16
17,95,33
17,96,50
17,97,67
17,98,84
17,99,101
17,100,5
17,101,22
17,102,39
17,103,56
17,104,73
17,105,90
17,106,107
17,107,11
17,108,28
17,109,45
17,110,62
17,111,79
17,112,96
18,0,0
18,1,18
18,2,36
18,3,54
18,4,72
18,5,90
18,6,108
18,7,13
18,8,31
18,9,49
18,10,67
18,11,85
18,12,103
18,13,8
18,14,26
18,15,44
18,16,62
18,17,80
18,18,98
18,19,3
18,20,21
18,21,39
18,22,57
18,23,75
18,24,93
18,25,111
18,26,16
18,27,34
18,28,52
18,29,70
18,30,88
18,31,106
18,32,11
18,33,29
18,34,47
18,35,65
18,36,83
18,37,101
18,38,6
18,39,24
18,40,42
18,41,60
18,42,78
18,43,96
18,44,1
18,45,19
18,46,37
18,47,55
18,48,73
18,49,91
18,50,109
18,51,14
18,52,32
18,53,50
18,54,68
18,55,86
18,56,104
18,57,9
18,58,27
18,59,45
18,60,63
18,61,81
18,62,99
18,63,4
18,64,22
18,65,40
18,66,58
18,67,76
18,68,94
18,69,112
18,70,17
18,71,35
18,72,53
18,73,71
18,74,89
18,75,107
18,76,12
18,77,30
18,78,48
18,79,66
18,80,84
18,81,102
18,82,7
18,83,25
18,84,43
18,85,61
18,86,79
18,87,97
18,88,2
18,89,20
18,90,38
18,91,56
18,92,74
18,93,92
18,94,110
18,95,15
18,96,33
18,97,51
18,98,69
18,99,87
18,100,105
18,101,10
18,102,28
18,103,46
18,104,64
18,105,82
18,106,100
18,107,5
18,108,23
18,109,41
18,110,59
18,111,77
18,112,95
19,0,0
19,1,19
19,2,38
19,3,57
19,4,76
19,5,95
19,6,1
19,7,20
19,8,39
19,9,58
19,10,77
19,11,96
19,12,2
19,13,21
19,14,40
19,15,59
19,16,78
19,17,97
19,18,3
19,19,22
19,20,41
19,21,60
19,22,79
19,23,98
19,24,4
19,25,23
19,26,42
19,27,61
19,28,80
19,29,99
19,30,5
19,31,24
19,32,43
19,33,62
19,34,81
19,35,100
19,36,6
19,37,25
19,38,44
19,39,63
19,40,82
19,41,101
19,42,7
19,43,26
19,44,45
19,45,64
19,46,83
19,47,102
19,48,8
19,49,27
19,50,46
19,51,65
19,52,84
19,53,103
19,54,9
19,55,28
19,56,47
19,57,66
19,58,85
19,59,104
19,60,10
19,61,29
19,62,48
19,63,67
19,64,86
19,65,105
19,66,11
19,67,30
19,68,49
19,69,68
19,70,87
19,71,106
19,72,12
19,73,31
19,74,50
19,75,69
19,76,88
19,77,107
19,78,13
19,79,32
19,80,51
19,81,70
19,82,89
19,83,108
19,84,14
19,85,33
19,86,52
19,87,71
19,88,90
19,89,109
19,90,15
19,91,34
19,92,53
19,93,72
19,94,91
19,95,110
19,96,16
19,97,35
19,98,54
19,99,73
19,100,92
19,101,111
19,102,17
19,103,36
19,104,55
19,105,74
19,106,93
19,107,112
19,108,18
19,109,37
19,110,56
19,111,75
19,112,94
20,0,0
20,1,20
20,2,40
20,3,60
20,4,80
20,5,100
20,6,7
20,7,27
20,8,47
20,9,67
20,10,87
20,11,107
20,12,14
20,13,34
20,14,54
20,15,74
20,16,94
20,17,1
20,18,21
20,19,41
20,20,61
20,21,81
20,22,101
20,23,8
20,24,28
20,25,48
20,26,68
20,27,88
20,28,108
20,29,15
20,30,35
20,31,55
20,32,75
20,33,95
20,34,2
20,35,22
20,36,42
20,37,62
20,38,82
20,39,102
20,40,9
20,41,29
20,42,49
20,43,69
20,44,89
20,45,109
20,46,16
20,47,36
20,48,56
20,49,76
20,50,96
20,51,3
20,52,23
20,53,43
20,54,63
20,55,83
20,56,103
20,57,10
20,58,30
20,59,50
20,60,70
20,61,90
20,62,110
20,63,17
20,64,37
20,65,57
20,66,77
20,67,97
20,68,4
20,69,24
20,70,44
20,71,64
20,72,84
20,73,104
20,74,11
20,75,31
20,76,51
20,77,71
20,78,91
20,79,111
20,80,18
20,81,38
20,82,58
20,83,78
20,84,98
20,85,5
20,86,25
20,87,45
20,88,65
20,89,85
20,90,105
20,91,12
20,92,32
20,93,52
20,94,72
20,95,92
20,96,112
20,97,19
20,98,39
20,99,59
20,100,79
20,101,99
20,102,6
20,103,26
20,104,46
20,105,66
20,106,86
20,107,106
20,108,13
20,109,33
20,110,53
20,111,73
20,112,93
21,0,0
21,1,21
21,2,42
21,3,63
21,4,84
21,5,105
21,6,13
21,7,34
21,8,55
21,9,76
21,10,97
21,11,5
21,12,26
21,13,47
21,14,68
21,15,89
21,16,110
21,17,18
21,18,39
21,19,60
21,20,81
21,21,102
21,22,10
21,23,31
21,24,52
21,25,73
21,26,94
21,27,2
21,28,23
21,29,44
21,30,65
21,31,86
21,32,107
21,33,15
21,34,36
21,35,57
21,36,78
21,37,99
21,38,7
21,39,28
21,40,49
21,41,70
21,42,91
21,43,112
21,44,20
21,45,41
21,46,62
21,47,83
21,48,104
21,49,12
21,50,33
21,51,54
21,52,75
21,53,96
21,54,4
21,55,25
21,56,46
21,57,67
21,58,88
21,59,109
21,60,17
21,61,38
21,62,59
21,63,80
21,64,101
21,65,9
21,66,30
21,67,51
21,68,72
21,69,93
21,70,1
21,71,22
21,72,43
21,73,64
21,74,85
21,75,106
21,76,14
21,77,35
21,78,56
21,79,77
21,80,98
21,81,6
21,82,27
21,83,48
21,84,69
21,85,90
21,86,111
21,87,19
21,88,40
21,89,61
21,90,82
21,91,103
21,92,11
21,93,32
21,94,53
21,95,74
21,96,95
21,97,3
21,98,24
21,99,45
21,100,66
21,101,87
21,102,108
21,103,16
21,104,37
21,105,58
21,106,79
21,107,100
21,108,8
21,109,29
21,110,50
21,111,71
21,112,92
22,0,0
22,1,22
22,2,44
22,3,66
22,4,88
22,5,110
22,6,19
22,7,41
22,8,63
22,9,85
22,10,107
22,11,16
22,12,38
22,13,60
22,14,82
22,15,104
22,16,13
22,17,35
22,18,57
22,19,79
22,20,101
22,21,10
22,22,32
22,23,54
22,24,76
22,25,98
22,26,7
22,27,29
22,28,51
22,29,73
22,30,95
22,31,4
22,32,26
22,33,48
22,34,70
22,35,92
22,36,1
22,37,23
22,38,45
22,39,67
22,40,89
22,41,111
22,42,20
22,43,42
22,44,64
22,45,86
22,46,108
22,47,17
22,48,39
22,49,61
22,50,83
22,51,105
22,52,14
22,53,36
22,54,58
22,55,80
22,56,102
22,57,11
22,58,33
22,59,55
22,60,77
22,61,99
22,62,8
22,63,30
22,64,52
22,65,74
22,66,96
22,67,5
22,68,27
22,69,49
22,70,71
22,71,93
22,72,2
22,73,24
22,74,46
22,75,68
22,76,90
22,77,112
22,78,21
22,79,43
22,80,65
22,81,87
22,82,109
22,83,18
22,84,40
22,85,62
22,86,84
22,87,106
22,88,15
22,89,37
22,90,59
22,91,81
22,92,103
22,93,12
22,94,34
22,95,56
22,96,78
22,97,100
22,98,9
22,99,31
22,100,53
22,101,75
22,102,97
22,103,6
22,104,28
22,105,50
22,106,72
22,107,94
22,108,3
22,109,25
22,110,47
22,111,69
22,112,91
23,0,0
23,1,23
23,2,46
23,3,69
23,4,92
23,5,2
23,6,25
23,7,48
23,8,71
23,9,94
23,10,4
23,11,27
23,12,50
23,13,73
23,14,96
23,15,6
23,16,29
23,17,52
23,18,75
23,19,98
23,20,8
23,21,31
23,22,54
23,23,77
23,24,100
23,25,10
23,26,33
23,27,56
23,28,79
23,29,102
23,30,12
23,31,35
23,32,58
23,33,81
23,34,104
23,35,14
23,36,37
23,37,60
23,38,83
23,39,106
23,40,16
23,41,39
23,42,62
23,43,85
23,44,108
23,45,18
23,46,41
23,47,64
23,48,87
23,49,110
23,50,20
23,51,43
23,52,66
23,53,89
23,54,112
23,55,22
23,56,45
23,57,68
23,58,91
23,59,1
23,60,24
23,61,47
23,62,70
23,63,93
23,64,3
23,65,26
23,66,49
23,67,72
23,68,95
23,69,5
23,70,28
23,71,51
23,72,74
23,73,97
23,74,7
23,75,30
23,76,53
23,77,76
23,78,99
23,79,9
23,80,32
23,81,55
23,82,78
23,83,101
23,84,11
23,85,34
23,86,57
23,87,80
23,88,103
23,89,13
23,90,36
23,91,59
23,92,82
23,93,105
23,94,15
23,95,38
23,96,61
23,97,84
23,98,107
23,99,17
23,100,40
23,101,63
23,102,86
23,103,109
23,104,19
23,105,42
23,106,65
23,107,88
23,108,111
23,109,21
23,110,44
23,111,67
23,112,90
24,0,0
24,1,24
24,2,48
24,3,72
24,4,96
24,5,7
24,6,31
24,7,55
24,8,79
24,9,103
24,10,14
24,11,38
24,12,62
24,13,86
24,14,110
24,15,21
24,16,45
24,17,69
24,18,93
24,19,4
24,20,28
24,21,52
24,22,76
24,23,100
24,24,11
24,25,35
24,26,59
24,27,83
24,28,107
24,29,18
24,30,42
24,31,66
24,32,90
24,33,1
24,34,25
24,35,49
24,36,73
24,37,97
24,38,8
24,39,32
24,40,56
24,41,80
24,42,104
24,43,15
24,44,39
24,45,63
24,46,87
24,47,111
24,48,22
24,49,46
24,50,70
24,51,94
24,52,5
24,53,29
24,54,53
24,55,77
24,56,101
24,57,12
24,58,36
24,59,60
24,60,84
24,61,108
24,62,19
24,63,43
24,64,67
24,65,91
24,66,2
24,67,26
24,68,50
24,69,74
24,70,98
24,71,9
24,72,33
24,73,57
24,74,81
24,75,105
24,76,16
24,77,40
24,78,64
24,79,88
24,80,112
24,81,23
24,82,47
24,83,71
24,84,95
24,85,6
24,86,30
24,87,54
24,88,78
24,89,102
24,90,13
24,91,37
24,92,61
24,93,85
24,94,109
24,95,20
24,96,44
24,97,68
24,98,92
24,99,3
24,100,27
24,101,51
24,102,75
24,103,99
24,104,10
24,105,34
24,106,58
24,107,82
24,108,106
24,109,17
24,110,41
24,111,65
24,112,89
25,0,0
25,1,25
25,2,50
25,3,75
25,4,100
25,5,12
25,6,37
25,7,62
25,8,87
25,9,112
25,10,24
25,11,49
25,12,74
25,13,99
25,14,11
25,15,36
25,16,61
25,17,86
25,18,111
25,19,23
25,20,48
25,21,73
25,22,98
25,23,10
25,24,35
25,25,60
25,26,85
25,27,110
25,28,22
25,29,47
25,30,72
25,31,97
25,32,9
25,33,34
25,34,59
25,35,84
25,36,109
25,37,21
25,38,46
25,39,71
25,40,96
25,41,8
25,42,33
25,43,58
25,44,83
25,45,108
25,46,20
25,47,45
25,48,70
25,49,95
25,50,7
25,51,32
25,52,57
25,53,82
25,54,107
25,55,19
25,56,44
25,57,69
25,58,94
25,59,6
25,60,31
25,61,56
25,62,81
25,63,106
25,64,18
25,65,43
25,66,68
25,67,93
25,68,5
25,69,30
25,70,55
25,71,80
25,72,105
25,73,17
25,74,42
25,75,67
25,76,92
25,77,4
25,78,29
25,79,54
25,80,79
25,81,104
25,82,16
25,83,41
25,84,66
25,85,91
25,86,3
25,87,28
25,88,53
25,89,78
25,90,103
25,91,15
25,92,40
25,93,65
25,94,90
25,95,2
25,96,27
25,97,52
25,98,77
25,99,102
25,100,14
25,101,39
25,102,64
25,103,89
25,104,1
25,105,26
25,106,51
25,107,76
25,108,101
25,109,13
25,110,38
25,111,63
25,112,88
26,0,0
26,1,26
26,2,52
26,3,78
26,4,104
26,5,17
26,6,43
26,7,69
26,8,95
26,9,8
26,10,34
26,11,60
26,12,86
26,13,112
26,14,25
26,15,51
26,16,77
26,17,103
26,18,16
26,19,42
26,20,68
26,21,94
26,22,7
26,23,33
26,24,59
26,25,85
26,26,111
26,27,24
26,28,50
26,29,76
26,30,102
26,31,15
26,32,41
26,33,67
26,34,93
26,35,6
26,36,32
26,37,58
26,38,84
26,39,110
26,40,23
26,41,49
26,42,75
26,43,101
26,44,14
26,45,40
26,46,66
26,47,92
26,48,5
26,49,31
26,50,57
26,51,83
26,52,109
26,53,22
26,54,48
26,55,74
26,56,100
26,57,13
26,58,39
26,59,65
26,60,91
26,61,4
26,62,30
26,63,56
26,64,82
26,65,108
26,66,21
26,67,47
26,68,73
26,69,99
26,70,12
26,71,38
26,72,64
26,73,90
26,74,3
26,75,29
26,76,55
26,77,81
26,78,107
26,79,20
26,80,46
26,81,72
26,82,98
26,83,11
26,84,37
26,85,63
26,86,89
26,87,2
26,88,28
26,89,54
26,90,80
26,91,106
26,92,19
26,93,45
26,94,71
26,95,97
26,96,10
26,97,36
26,98,62
26,99,88
26,100,1
26,101,27
26,102,53
26,103,79
26,104,105
26,105,18
26,106,44
26,107,70
26,108,96
26,109,9
26,110,35
26,111,61
26,112,87
27,0,0
27,1,27
27,2,54
27,3,81
27,4,108
27,5,22
27,6,49
27,7,76
27,8,103
27,9,17
27,10,44
27,11,71
27,12,98
27,13,12
27,14,39
27,15,66
27,16,93
27,17,7
27,18,34
27,19,61
27,20,88
27,21,2
27,22,29
27,23,56
27,24,83
27,25,110
27,26,24
27,27,51
27,28,78
27,29,105
27,30,19
27,31,46
27,32,73
27,33,100
27,34,14
27,35,41
27,36,68
27,37,95
27,38,9
27,39,36
27,40,63
27,41,90
27,42,4
27,43,31
27,44,58
27,45,85
27,46,112
27,47,26
27,48,53
27,49,80
27,50,107
27,51,21
27,52,48
27,53,75
27,54,102
27,55,16
27,56,43
27,57,70
27,58,97
27,59,11
27,60,38
27,61,65
27,62,92
27,63,6
27,64,33
27,65,60
27,66,87
27,67,1
27,68,28
27,69,55
27,70,82
27,71,109
27,72,23
27,73,50
27,74,77
27,75,104
27,76,18
27,77,45
27,78,72
27,79,99
27,80,13
27,81,40
27,82,67
27,83,94
27,84,8
27,85,35
27,86,62
27,87,89
27,88,3
27,89,30
27,90,57
27,91,84
27,92,111
27,93,25
27,94,52
27,95,79
27,96,106
27,97,20
27,98,47
27,99,74
27,100,101
27,101,15
27,102,42
27,103,69
27,104,96
27,105,10
27,106,37
27,107,64
27,108,91
27,109,5
27,110,32
27,111,59
27,112,86
28,0,0
28,1,28
28,2,56
28,3,84
28,4,112
28,5,27
28,6,55
28,7,83
28,8,111
28,9,26
28,10,54
28,11,82
28,12,110
28,13,25
28,14,53
28,15,81
28,16,109
28,17,24
28,18,52
28,19,80
28,20,108
28,21,23
28,22,51
28,23,79
28,24,107
28,25,22
28,26,50
28,27,78
28,28,106
28,29,21
28,30,49
28,31,77
28,32,105
28,33,20
28,34,48
28,35,76
28,36,104
28,37,19
28,38,47
28,39,75
28,40,103
28,41,18
28,42,46
28,43,74
28,44,102
28,45,17
28,46,45
28,47,73
28,48,101
28,49,16
28,50,44
28,51,72
28,52,100
28,53,15
28,54,43
28,55,71
28,56,99
28,57,14
28,58,42
28,59,70
28,60,98
28,61,13
28,62,41
28,63,69
28,64,97
28,65,12
28,66,40
28,67,68
28,68,96
28,69,11
28,70,39
28,71,67
28,72,95
28,73,10
28,74,38
28,75,66
28,76,94
28,77,9
28,78,37
28,79,65
28,80,93
28,81,8
28,82,36
28,83,64
28,84,92
28,85,7
28,86,35
28,87,63
28,88,91
28,89,6
28,90,34
28,91,62
28,92,90
28,93,5
28,94,33
28,95,61
28,96,89
28,97,4
28,98,32
28,99,60
28,100,88
28,101,3
28,102,31
28,103,59
28,104,87
28,105,2
28,106,30
28,107,58
28,108,86
28,109,1
28,110,29
28,111,57
28,112,85
29,0,0
29,1,29
29,2,58
29,3,87
29,4,3
29,5,32
29,6,61
29,7,90
29,8,6
29,9,35
29,10,64
29,11,93
29,12,9
29,13,38
29,14,67
29,15,96
29,16,12
29,17,41
29,18,70
29,19,99
29,20,15
29,21,44
29,22,73
29,23,102
29,24,18
29,25,47
29,26,76
29,27,105
29,28,21
29,29,50
29,30,79
29,31,108
29,32,24
29,33,53
29,34,82
29,35,111
29,36,27
29,37,56
29,38,85
29,39,1
29,40,30
29,41,59
29,42,88
29,43,4
29,44,33
29,45,62
29,46,91
29,47,7
29,48,36
29,49,65
29,50,94
29,51,10
29,52,39
29,53,68
29,54,97
29,55,13
29,56,42
29,57,71
29,58,100
29,59,16
29,60,45
29,61,74
29,62,103
29,63,19
29,64,48
29,65,77
29,66,106
29,67,22
29,68,51
29,69,80
29,70,109
29,71,25
29,72,54
29,73,83
29,74,112
29,75,28
29,76,57
29,77,86
29,78,2
29,79,31
29,80,60
29,81,89
29,82,5
29,83,34
29,84,63
29,85,92
29,86,8
29,87,37
29,88,66
29,89,95
29,90,11
29,91,40
29,92,69
29,93,98
29,94,14
29,95,43
29,96,72
29,97,101
29,98,17
29,99,46
29,100,75
29,101,104
29,102,20
29,103,49
29,104,78
29,105,107
29,106,23
29,107,52
29,108,81
29,109,110
29,110,26
29,111,55
29,112,84
30,0,0
30,1,30
30,2,60
30,3,90
30,4,7
30,5,37
30,6,67
30,7,97
30,8,14
30,9,44
30,10,74
30,11,104
30,12,21
30,13,51
30,14,81
30,15,111
30,16,28
30,17,58
30,18,88
30,19,5
30,20,35
30,21,65
30,22,95
30,23,12
30,24,42
30,25,72
30,26,102
30,27,19
30,28,49
30,29,79
30,30,109
30,31,26
30,32,56
30,33,86
30,34,3
30,35,33
30,36,63
30,37,93
30,38,10
30,39,40
30,40,70
30,41,100
30,42,17
30,43,47
30,44,77
30,45,107
30,46,24
30,47,54
30,48,84
30,49,1
30,50,31
30,51,61
30,52,91
30,53,8
30,54,38
30,55,68
30,56,98
30,57,15
30,58,45
30,59,75
30,60,105
30,61,22
30,62,52
30,63,82
30,64,112
30,65,29
30,66,59
30,67,89
30,68,6
30,69,36
30,70,66
30,71,96
30,72,13
30,73,43
30,74,73
30,75,103
30,76,20
30,77,50
30,78,80
30,79,110
30,80,27
30,81,57
30,82,87
30,83,4
30,84,34
30,85,64
30,86,94
30,87,11
30,88,41
30,89,71
30,90,101
30,91,18
30,92,48
30,93,78
30,94,108
30,95,25
30,96,55
30,97,85
30,98,2
30,99,32
30,100,62
30,101,92
30,102,9
30,103,39
30,104,69
30,105,99
30,106,16
30,107,46
30,108,76
30,109,106
30,110,23
30,111,53
30,112,83
31,0,0
31,1,31
31,2,62
31,3,93
31,4,11
31,5,42
31,6,73
31,7,104
31,8,22
31,9,53
31,10,84
31,11,2
31,12,33
31,13,64
31,14,95
31,15,13
31,16,44
31,17,75
31,18,106
31,19,24
31,20,55
31,21,86
31,22,4
31,23,35
31,24,66
31,25,97
31,26,15
31,27,46
31,28,77
31,29,108
31,30,26
31,31,57
31,32,88
31,33,6
31,34,37
31,35,68
31,36,99
31,37,17
31,38,48
31,39,79
31,40,110
31,41,28
31,42,59
31,43,90
31,44,8
31,45,39
31,46,70
31,47,101
31,48,19
31,49,50
31,50,81
31,51,112
31,52,30
31,53,61
31,54,92
31,55,10
31,56,41
31,57,72
31,58,103
31,59,21
31,60,52
31,61,83
31,62,1
31,63,32
31,64,63
31,65,94
31,66,12
31,67,43
31,68,74
31,69,105
31,70,23
31,71,54
31,72,85
31,73,3
31,74,34
31,75,65
31,76,96
31,77,14
31,78,45
31,79,76
31,80,107
31,81,25
31,82,56
31,83,87
31,84,5
31,85,36
31,86,67
31,87,98
31,88,16
31,89,47
31,90,78
31,91,109
31,92,27
31,93,58
31,94,89
31,95,7
31,96,38
31,97,69
31,98,100
31,99,18
31,100,49
31,101,80
31,102,111
31,103,29
31,104,60
31,105,91
31,106,9
31,107,40
31,108,71
31,109,102
31,110,20
31,111,51
31,112,82
32,0,0
32,1,32
32,2,64
32,3,96
32,4,15
32,5,47
32,6,79
32,7,111
32,8,30
32,9,62
32,10,94
32,11,13
32,12,45
32,13,77
32,14,109
32,15,28
32,16,60
32,17,92
32,18,11
32,19,43
32,20,75
32,21,107
32,22,26
32,23,58
32,24,90
32,25,9
32,26,41
32,27,73
32,28,105
32,29,24
32,30,56
32,31,88
32,32,7
32,33,39
32,34,71
32,35,103
32,36,22
32,37,54
32,38,86
32,39,5
32,40,37
32,41,69
32,42,101
32,43,20
32,44,52
32,45,84
32,46,3
32,47,35
32,48,67
32,49,99
32,50,18
32,51,50
32,52,82
32,53,1
32,54,33
32,55,65
32,56,97
32,57,16
32,58,48
32,59,80
32,60,112
32,61,31
32,62,63
32,63,95
32,64,14
32,65,46
32,66,78
32,67,110
32,68,29
32,69,61
32,70,93
32,71,12
32,72,44
32,73,76
32,74,108
32,75,27
32,76,59
32,77,91
32,78,10
32,79,42
32,80,74
32,81,106
32,82,25
32,83,57
32,84,89
32,85,8
32,86,40
32,87,72
32,88,104
32,89,23
32,90,55
32,91,87
32,92,6
32,93,38
32,94,70
32,95,102
32,96,21
32,97,53
32,98,85
32,99,4
32,100,36
32,101,68
32,102,100
32,103,19
32,104,51
32,105,83
32,106,2
32,107,34
32,108,66
32,109,98
32,110,17
32,111,49
32,112,81
33,0,0
33,1,33
33,2,66
33,3,99
33,4,19
33,5,52
33,6,85
33,7,5
33,8,38
33,9,71
33,10,104
33,11,24
33,12,57
33,13,90
33,14,10
33,15,43
33,16,76
33,17,109
33,18,29
33,19,62
33,20,95
33,21,15
33,22,48
33,23,81
33,24,1
33,25,34
33,26,67
33,27,100
33,28,20
33,29,53
33,30,86
33,31,6
33,32,39
33,33,72
33,34,105
33,35,25
33,36,58
33,37,91
33,38,11
33,39,44
33,40,77
33,41,110
33,42,30
33,43,63
33,44,96
33,45,16
33,46,49
33,47,82
33,48,2
33,49,35
33,50,68
33,51,101
33,52,21
33,53,54
33,54,87
33,55,7
33,56,40
33,57,73
33,58,106
33,59,26
33,60,59
33,61,92
33,62,12
33,63,45
33,64,78
33,65,111
33,66,31
33,67,64
33,68,97
33,69,17
33,70,50
33,71,83
33,72,3
33,73,36
33,74,69
33,75,102
33,76,22
33,77,55
33,78,88
33,79,8
33,80,41
33,81,74
33,82,107
33,83,27
33,84,60
33,85,93
33,86,13
33,87,46
33,88,79
33,89,112
33,90,32
33,91,65
33,92,98
33,93,18
33,94,51
33,95,84
33,96,4
33,97,37
33,98,70
33,99,103
33,100,23
33,101,56
33,102,89
33,103,9
33,104,42
33,105,75
33,106,108
33,107,28
33,108,61
33,109,94
33,110,14
33,111,47
33,112,80
34,0,0
34,1,34
34,2,68
34,3,102
34,4,23
34,5,57
34,6,91
34,7,12
34,8,46
34,9,80
34,10,1
34,11,35
34,12,69
34,13,103
34,14,24
34,15,58
34,16,92
34,17,13
34,18,47
34,19,81
34,20,2
34,21,36
34,22,70
34,23,104
34,24,25
34,25,59
34,26,93
34,27,14
34,28,48
34,29,82
34,30,3
34,31,37
34,32,71
34,33,105
34,34,26
34,35,60
34,36,94
34,37,15
34,38,49
34,39,83
34,40,4
34,41,38
34,42,72
34,43,106
34,44,27
34,45,61
34,46,95
34,47,16
34,48,50
34,49,84
34,50,5
34,51,39
34,52,73
34,53,107
34,54,28
34,55,62
34,56,96
34,57,17
34,58,51
34,59,85
34,60,6
34,61,40
34,62,74
34,63,108
34,64,29
34,65,63
34,66,97
34,67,18
34,68,52
34,69,86
34,70,7
34,71,41
34,72,75
34,73,109
34,74,30
34,75,64
34,76,98
34,77,19
34,78,53
34,79,87
34,80,8
34,81,42
34,82,76
34,83,110
34,84,31
34,85,65
34,86,99
34,87,20
34,88,54
34,89,88
34,90,9
34,91,43
34,92,77
34,93,111
34,94,32
34,95,66
34,96,100
34,97,21
34,98,55
34,99,89
34,100,10
34,101,44
34,102,78
34,103,112
34,104,33
34,105,67
34,106,101
34,107,22
34,108,56
34,109,90
34,110,11
34,111,45
34,112,79
35,0,0
35,1,35
35,2,70
35,3,105
35,4,27
35,5,62
35,6,97
35,7,19
35,8,54
35,9,89
35,10,11
35,11,46
35,12,81
35,13,3
35,14,38
35,15,73
35,16,108
35,17,30
35,18,65
35,19,100
35,20,22
35,21,57
35,22,92
35,23,14
35,24,49
35,25,84
35,26,6
35,27,41
35,28,76
35,29,111
35,30,33
35,31,68
35,32,103
35,33,25
35,34,60
35,35,95
35,36,17
35,37,52
35,38,87
35,39,9
35,40,44
35,41,79
35,42,1
35,43,36
35,44,71
35,45,106
35,46,28
35,47,63
35,48,98
35,49,20
35,50,55
35,51,90
35,52,12
35,53,47
35,54,82
35,55,4
35,56,39
35,57,74
35,58,109
35,59,31
35,60,66
35,61,101
35,62,23
35,63,58
35,64,93
35,65,15
35,66,50
35,67,85
35,68,7
35,69,42
35,70,77
35,71,112
35,72,34
35,73,69
35,74,104
35,75,26
35,76,61
35,77,96
35,78,18
35,79,53
35,80,88
35,81,10
35,82,45
35,83,80
35,84,2
35,85,37
35,86,72
35,87,107
35,88,29
35,89,64
35,90,99
35,91,21
35,92,56
35,93,91
35,94,13
35,95,48
35,96,83
35,97,5
35,98,40
35,99,75
35,100,110
35,101,32
35,102,67
35,103,102
35,104,24
35,105,59
35,106,94
35,107,16
35,108,51
35,109,86
35,110,8
35,111,43
35,112,78
36,0,0
36,1,36
36,2,72
36,3,108
36,4,31
36,5,67
36,6,103
36,7,26
36,8,62
36,9,98
36,10,21
36,11,57
36,12,93
36,13,16
36,14,52
36,15,88
36,16,11
36,17,47
36,18,83
36,19,6
36,20,42
36,21,78
36,22,1
36,23,37
36,24,73
36,25,109
36,26,32
36,27,68
36,28,104
36,29,27
36,30,63
36,31,99
36,32,22
36,33,58
36,34,94
36,35,17
36,36,53
36,37,89
36,38,12
36,39,48
36,40,84
36,41,7
36,42,43
36,43,79
36,44,2
36,45,38
36,46,74
36,47,110
36,48,33
36,49,69
36,50,105
36,51,28
36,52,64
36,53,100
36,54,23
36,55,59
36,56,95
36,57,18
36,58,54
36,59,90
36,60,13
36,61,49
36,62,85
36,63,8
36,64,44
36,65,80
36,66,3
36,67,39
36,68,75
36,69,111
36,70,34
36,71,70
36,72,106
36,73,29
36,74,65
36,75,101
36,76,24
36,77,60
36,78,96
36,79,19
36,80,55
36,81,91
36,82,14
36,83,50
36,84,86
36,85,9
36,86,45
36,87,81
36,88,4
36,89,40
36,90,76
36,91,112
36,92,35
36,93,71
36,94,107
36,95,30
36,96,66
36,97,102
36,98,25
36,99,61
36,100,97
36,101,20
36,102,56
36,103,92
36,104,15
36,105,51
36,106,87
36,107,10
36,108,46
36,109,82
36,110,5
36,111,41
36,112,77
37,0,0
37,1,37
37,2,74
37,3,111
37,4,35
37,5,72
37,6,109
37,7,33
37,8,70
37,9,107
37,10,31
37,11,68
37,12,105
37,13,29
37,14,66
37,15,103
37,16,27
37,17,64
37,18,101
37,19,25
37,20,62
37,21,99
37,22,23
37,23,60
37,24,97
37,25,21
37,26,58
37,27,95
37,28,19
37,29,56
37,30,93
37,31,17
37,32,54
37,33,91
37,34,15
37,35,52
37,36,89
37,37,13
37,38,50
37,39,87
37,40,11
37,41,48
37,42,85
37,43,9
37,44,46
37,45,83
37,46,7
37,47,44
37,48,81
37,49,5
37,50,42
37,51,79
37,52,3
37,53,40
37,54,77
37,55,1
37,56,38
37,57,75
37,58,112
37,59,36
37,60,73
37,61,110
37,62,34
37,63,71
37,64,108
37,65,32
37,66,69
37,67,106
37,68,30
37,69,67
37,70,104
37,71,28
37,72,65
37,73,102
37,74,26
37,75,63
37,76,100
37,77,24
37,78,61
37,79,98
37,80,22
37,81,59
37,82,96
37,83,20
37,84,57
37,85,94
37,86,18
37,87,55
37,88,92
37,89,16
37,90,53
37,91,90
37,92,14
37,93,51
37,94,88
37,95,12
37,96,49
37,97,86
37,98,10
37,99,47
37,100,84
37,101,8
37,102,45
37,103,82
37,104,6
37,105,43
37,106,80
37,107,4
37,108,41
37,109,78
37,110,2
37,111,39
37,112,76
38,0,0
38,1,38
38,2,76
38,3,1
38,4,39
38,5,77
38,6,2
38,7,40
38,8,78
38,9,3
38,10,41
38,11,79
38,12,4
38,13,42
38,14,80
38,15,5
38,16,43
38,17,81
38,18,6
38,19,44
38,20,82
38,21,7
38,22,45
38,23,83
38,24,8
38,25,46
38,26,84
38,27,9
38,28,47
38,29,85
38,30,10
38,31,48
38,32,86
38,33,11
38,34,49
38,35,87
38,36,12
38,37,50
38,38,88
38,39,13
38,40,51
38,41,89
38,42,14
38,43,52
38,44,90
38,45,15
38,46,53
38,47,91
38,48,16
38,49,54
38,50,92
38,51,17
38,52,55
38,53,93
38,54,18
38,55,56
38,56,94
38,57,19
38,58,57
38,59,95
38,60,20
38,61,58
38,62,96
38,63,21
38,64,59
38,65,97
38,66,22
38,67,60
38,68,98
38,69,23
38,70,61
38,71,99
38,72,24
38,73,62
38,74,100
38,75,25
38,76,63
38,77,101
38,78,26
38,79,64
38,80,102
38,81,27
38,82,65
38,83,103
38,84,28
38,85,66
38,86,104
38,87,29
38,88,67
38,89,105
38,90,30
38,91,68
38,92,106
38,93,31
38,94,69
38,95,107
38,96,32
38,97,70
38,98,108
38,99,33
38,100,71
38,101,109
38,102,34
38,103,72
38,104,110
38,105,35
38,106,73
38,107,111
38,108,36
38,109,74
38,110,112
38,111,37
38,112,75
39,0,0
39,1,39
39,2,78
39,3,4
39,4,43
39,5,82
39,6,8
39,7,47
39,8,86
39,9,12
39,10,51
39,11,90
39,12,16
39,13,55
39,14,94
39,15,20
39,16,59
39,17,98
39,18,24
39,19,63
39,20,102
39,21,28
39,22,67
39,23,106
39,24,32
39,25,71
39,26,110
39,27,36
39,28,75
39,29,1
39,30,40
39,31,79
39,32,5
39,33,44
39,34,83
39,35,9
39,36,48
39,37,87
39,38,13
39,39,52
39,40,91
39,41,17
39,42,56
39,43,95
39,44,21
39,45,60
39,46,99
39,47,25
39,48,64
39,49,103
39,50,29
39,51,68
39,52,107
39,53,33
39,54,72
39,55,111
39,56,37
39,57,76
39,58,2
39,59,41
39,60,80
39,61,6
39,62,45
39,63,84
39,64,10
39,65,49
39,66,88
39,67,14
39,68,53
39,69,92
39,70,18
39,71,57
39,72,96
39,73,22
39,74,61
39,75,100
39,76,26
39,77,65
39,78,104
39,79,30
39,80,69
39,81,108
39,82,34
39,83,73
39,84,112
39,85,38
39,86,77
39,87,3
39,88,42
39,89,81
39,90,7
39,91,46
39,92,85
39,93,11
39,94,50
39,95,89
39,96,15
39,97,54
39,98,93
39,99,19
39,100,58
39,101,97
39,102,23
39,103,62
39,104,101
39,105,27
39,106,66
39,107,105
39,108,31
39,109,70
39,110,109
39,111,35
39,112,74
40,0,0
40,1,40
40,2,80
40,3,7
40,4,47
40,5,87
40,6,14
40,7,54
40,8,94
40,9,21
40,10,61
40,11,101
40,12,28
40,13,68
40,14,108
40,15,35
40,16,75
40,17,2
40,18,42
40,19,82
40,20,9
40,21,49
40,22,89
40,23,16
40,24,56
40,25,96
40,26,23
40,27,63
40,28,103
40,29,30
40,30,70
40,31,110
40,32,37
40,33,77
40,34,4
40,35,44
40,36,84
40,37,11
40,38,51
40,39,91
40,40,18
40,41,58
40,42,98
40,43,25
40,44,65
40,45,105
40,46,32
40,47,72
40,48,112
40,49,39
40,50,79
40,51,6
40,52,46
40,53,86
40,54,13
40,55,53
40,56,93
40,57,20
40,58,60
40,59,100
40,60,27
40,61,67
40,62,107
40,63,34
40,64,74
40,65,1
40,66,41
40,67,81
40,68,8
40,69,48
40,70,88
40,71,15
40,72,55
40,73,95
40,74,22
40,75,62
40,76,102
40,77,29
40,78,69
40,79,109
40,80,36
40,81,76
40,82,3
40,83,43
40,84,83
40,85,10
40,86,50
40,87,90
40,88,17
40,89,57
40,90,97
40,91,24
40,92,64
40,93,104
40,94,31
40,95,71
40,96,111
40,97,38
40,98,78
40,99,5
40,100,45
40,101,85
40,102,12
40,103,52
40,104,92
40,105,19
40,106,59
40,107,99
40,108,26
40,109,66
40,110,106
40,111,33
40,112,73
41,0,0
41,1,41
41,2,82
41,3,10
41,4,51
41,5,92
41,6,20
41,7,61
41,8,102
41,9,30
41,10,71
41,11,112
41,12,40
41,13,81
41,14,9
41,15,50
41,16,91
41,17,19
41,18,60
41,19,101
41,20,29
41,21,70
41,22,111
41,23,39
41,24,80
41,25,8
41,26,49
41,27,90
41,28,18
41,29,59
41,30,100
41,31,28
41,32,69
41,33,110
41,34,38
41,35,79
41,36,7
41,37,48
41,38,89
41,39,17
41,40,58
41,41,99
41,42,27
41,43,68
41,44,109
41,45,37
41,46,78
41,47,6
41,48,47
41,49,88
41,50,16
41,51,57
41,52,98
41,53,26
41,54,67
41,55,108
41,56,36
41,57,77
41,58,5
41,59,46
41,60,87
41,61,15
41,62,56
41,63,97
41,64,25
41,65,66
41,66,107
41,67,35
41,68,76
41,69,4
41,70,45
41,71,86
41,72,14
41,73,55
41,74,96
41,75,24
41,76,65
41,77,106
41,78,34
41,79,75
41,80,3
41,81,44
41,82,85
41,83,13
41,84,54
41,85,95
41,86,23
41,87,64
41,88,105
41,89,33
41,90,74
41,91,2
41,92,43
41,93,84
41,94,12
41,95,53
41,96,94
41,97,22
41,98,63
41,99,104
41,100,32
41,101,73
41,102,1
41,103,42
41,104,83
41,105,11
41,106,52
41,107,93
41,108,21
41,109,62
41,110,103
41,111,31
41,112,72
42,0,0
42,1,42
42,2,84
42,3,13
42,4,55
42,5,97
42,6,26
42,7,68
42,8,110
42,9,39
42,10,81
42,11,10
42,12,52
42,13,94
42,14,23
42,15,65
42,16,107
42,17,36
42,18,78
42,19,7
42,20,49
42,21,91
42,22,20
42,23,62
42,24,104
42,25,33
42,26,75
42,27,4
42,28,46
42,29,88
42,30,17
42,31,59
42,32,101
42,33,30
42,34,72
42,35,1
42,36,43
42,37,85
42,38,14
42,39,56
42,40,98
42,41,27
42,42,69
42,43,111
42,44,40
42,45,82
42,46,11
42,47,53
42,48,95
42,49,24
42,50,66
42,51,108
42,52,37
42,53,79
42,54,8
42,55,50
42,56,92
42,57,21
42,58,63
42,59,105
42,60,34
42,61,76
42,62,5
42,63,47
42,64,89
42,65,18
42,66,60
42,67,102
42,68,31
42,69,73
42,70,2
42,71,44
42,72,86
42,73,15
42,74,57
42,75,99
42,76,28
42,77,70
42,78,112
42,79,41
42,80,83
42,81,12
42,82,54
42,83,96
42,84,25
42,85,67
42,86,109
42,87,38
42,88,80
42,89,9
42,90,51
42,91,93
42,92,22
42,93,64
42,94,106
42,95,35
42,96,77
42,97,6
42,98,48
42,99,90
42,100,19
42,101,61
42,102,103
42,103,32
42,104,74
42,105,3
42,106,45
42,107,87
42,108,16
42,109,58
42,110,100
42,111,29
42,112,71
43,0,0
43,1,43
43,2,86
43,3,16
43,4,59
43,5,102
43,6,32
43,7,75
43,8,5
43,9,48
43,10,91
43,11,21
43,12,64
43,13,107
43,14,37
43,15,80
43,16,10
43,17,53
43,18,96
43,19,26
43,20,69
43,21,112
43,22,42
43,23,85
43,24,15
43,25,58
43,26,101
43,27,31
43,28,74
43,29,4
43,30,47
43,31,90
43,32,20
43,33,63
43,34,106
43,35,36
43,36,79
43,37,9
43,38,52
43,39,95
43,40,25
43,41,68
43,42,111
43,43,41
43,44,84
43,45,14
43,46,57
43,47,100
43,48,30
43,49,73
43,50,3
43,51,46
43,52,89
43,53,19
43,54,62
43,55,105
43,56,35
43,57,78
43,58,8
43,59,51
43,60,94
43,61,24
43,62,67
43,63,110
43,64,40
43,65,83
43,66,13
43,67,56
43,68,99
43,69,29
43,70,72
43,71,2
43,72,45
43,73,88
43,74,18
43,75,61
43,76,104
43,77,34
43,78,77
43,79,7
43,80,50
43,81,93
43,82,23
43,83,66
43,84,109
43,85,39
43,86,82
43,87,12
43,88,55
43,89,98
43,90,28
43,91,71
43,92,1
43,93,44
43,94,87
43,95,17
43,96,60
43,97,103
43,98,33
43,99,76
43,100,6
43,101,49
43,102,92
43,103,22
43,104,65
43,105,108
43,106,38
43,107,81
43,108,11
43,109,54
43,110,97
43,111,27
43,112,70
44,0,0
44,1,44
44,2,88
44,3,19
44,4,63
44,5,107
44,6,38
44,7,82
44,8,13
44,9,57
44,10,101
44,11,32
44,12,76
44,13,7
44,14,51
44,15,95
44,16,26
44,17,70
44,18,1
44,19,45
44,20,89
44,21,20
44,22,64
44,23,108
44,24,39
44,25,83
44,26,14
44,27,58
44,28,102
44,29,33
44,30,77
44,31,8
44,32,52
44,33,96
44,34,27
44,35,71
44,36,2
44,37,46
44,38,90
44,39,21
44,40,65
44,41,109
44,42,40
44,43,84
44,44,15
44,45,59
44,46,103
44,47,34
44,48,78
44,49,9
44,50,53
44,51,97
44,52,28
44,53,72
44,54,3
44,55,47
44,56,91
44,57,22
44,58,66
44,59,110
44,60,41
44,61,85
44,62,16
44,63,60
44,64,104
44,65,35
44,66,79
44,67,10
44,68,54
44,69,98
44,70,29
44,71,73
44,72,4
44,73,48
44,74,92
44,75,23
44,76,67
44,77,111
44,78,42
44,79,86
44,80,17
44,81,61
44,82,105
44,83,36
44,84,80
44,85,11
44,86,55
44,87,99
44,88,30
44,89,74
44,90,5
44,91,49
44,92,93
44,93,24
44,94,68
44,95,112
44,96,43
44,97,87
44,98,18
44,99,62
44,100,106
44,101,37
44,102,81
44,103,12
44,104,56
44,105,100
44,106,31
44,107,75
44,108,6
44,109,50
44,110,94
44,111,25
44,112,69
45,0,0
45,1,45
45,2,90
45,3,22
45,4,67
45,5,112
45,6,44
45,7,89
45,8,21
45,9,66
45,10,111
45,11,43
45,12,88
45,13,20
45,14,65
45,15,110
45,16,42
45,17,87
45,18,19
45,19,64
45,20,109
45,21,41
45,22,86
45,23,18
45,24,63
45,25,108
45,26,40
45,27,85
45,28,17
45,29,62
45,30,107
45,31,39
45,32,84
45,33,16
45,34,61
45,35,106
45,36,38
45,37,83
45,38,15
45,39,60
45,40,105
45,41,37
45,42,82
45,43,14
45,44,59
45,45,104
45,46,36
45,47,81
45,48,13
45,49,58
45,50,103
45,51,35
45,52,80
45,53,12
45,54,57
45,55,102
45,56,34
45,57,79
45,58,11
45,59,56
45,60,101
45,61,33
45,62,78
45,63,10
45,64,55
45,65,100
45,66,32
45,67,77
45,68,9
45,69,54
45,70,99
45,71,31
45,72,76
45,73,8
45,74,53
45,75,98
45,76,30
45,77,75
45,78,7
45,79,52
45,80,97
45,81,29
45,82,74
45,83,6
45,84,51
45,85,96
45,86,28
45,87,73
45,88,5
45,89,50
45,90,95
45,91,27
45,92,72
45,93,4
45,94,49
45,95,94
45,96,26
45,97,71
45,98,3
45,99,48
45,100,93
45,101,25
45,102,70
45,103,2
45,104,47
45,105,92
45,106,24
45,107,69
45,108,1
45,109,46
45,110,91
45,111,23
45,112,68
46,0,0
46,1,46
46,2,92
46,3,25
46,4,71
46,5,4
46,6,50
46,7,96
46,8,29
46,9,75
46,10,8
46,11,54
46,12,100
46,13,33
46,14,79
46,15,12
46,16,58
46,17,104
46,18,37
46,19,83
46,20,16
46,21,62
46,22,108
46,23,41
46,24,87
46,25,20
46,26,66
46,27,112
46,28,45
46,29,91
46,30,24
46,31,70
46,32,3
46,33,49
46,34,95
46,35,28
46,36,74
46,37,7
46,38,53
46,39,99
46,40,32
46,41,78
46,42,11
46,43,57
46,44,103
46,45,36
46,46,82
46,47,15
46,48,61
46,49,107
46,50,40
46,51,86
46,52,19
46,53,65
46,54,111
46,55,44
46,56,90
46,57,23
46,58,69
46,59,2
46,60,48
46,61,94
46,62,27
46,63,73
46,64,6
46,65,52
46,66,98
46,67,31
46,68,77
46,69,10
46,70,56
46,71,102
46,72,35
46,73,81
46,74,14
46,75,60
46,76,106
46,77,39
46,78,85
46,79,18
46,80,64
46,81,110
46,82,43
46,83,89
46,84,22
46,85,68
46,86,1
46,87,47
46,88,93
46,89,26
46,90,72
46,91,5
46,92,51
46,93,97
46,94,30
46,95,76
46,96,9
46,97,55
46,98,101
46,99,34
46,100,80
46,101,13
46,102,59
46,103,105
46,104,38
46,105,84
46,106,17
46,107,63
46,108,109
46,109,42
46,110,88
46,111,21
46,112,67
47,0,0
47,1,47
47,2,94
47,3,28
47,4,75
47,5,9
47,6,56
47,7,103
47,8,37
47,9,84
47,10,18
47,11,65
47,12,112
47,13,46
47,14,93
47,15,27
47,16,74
47,17,8
47,18,55
47,19,102
47,20,36
47,21,83
47,22,17
47,23,64
47,24,111
47,25,45
47,26,92
47,27,26
47,28,73
47,29,7
47,30,54
47,31,101
47,32,35
47,33,82
47,34,16
47,35,63
47,36,110
47,37,44
47,38,91
47,39,25
47,40,72
47,41,6
47,42,53
47,43,100
47,44,34
47,45,81
47,46,15
47,47,62
47,48,109
47,49,43
47,50,90
47,51,24
47,52,71
47,53,5
47,54,52
47,55,99
47,56,33
47,57,80
47,58,14
47,59,61
47,60,108
47,61,42
47,62,89
47,63,23
47,64,70
47,65,4
47,66,51
47,67,98
47,68,32
47,69,79
47,70,13
47,71,60
47,72,107
47,73,41
47,74,88
47,75,22
47,76,69
47,77,3
47,78,50
47,79,97
47,80,31
47,81,78
47,82,12
47,83,59
47,84,106
47,85,40
47,86,87
47,87,21
47,88,68
47,89,2
47,90,49
47,91,96
47,92,30
47,93,77
47,94,11
47,95,58
47,96,105
47,97,39
47,98,86
47,99,20
47,100,67
47,101,1
47,102,48
47,103,95
47,104,29
47,105,76
47,106,10
47,107,57
47,108,104
47,109,38
47,110,85
47,111,19
47,112,66
48,0,0
48,1,48
48,2,96
48,3,31
48,4,79
48,5,14
48,6,62
48,7,110
48,8,45
48,9,93
48,10,28
48,11,76
48,12,11
48,13,59
48,14,107
48,15,42
48,16,90
48,17,25
48,18,73
48,19,8
48,20,56
48,21,104
48,22,39
48,23,87
48,24,22
48,25,70
48,26,5
48,27,53
48,28,101
48,29,36
48,30,84
48,31,19
48,32,67
48,33,2
48,34,50
48,35,98
48,36,33
48,37,81
48,38,16
48,39,64
48,40,112
48,41,47
48,42,95
48,43,30
48,44,78
48,45,13
48,46,61
48,47,109
48,48,44
48,49,92
48,50,27
48,51,75
48,52,10
48,53,58
48,54,106
48,55,41
48,56,89
48,57,24
48,58,72
48,59,7
48,60,55
48,61,103
48,62,38
48,63,86
48,64,21
48,65,69
48,66,4
48,67,52
48,68,100
48,69,35
48,70,83
48,71,18
48,72,66
48,73,1
48,74,49
48,75,97
48,76,32
48,77,80
48,78,15
48,79,63
48,80,111
48,81,46
48,82,94
48,83,29
48,84,77
48,85,12
48,86,60
48,87,108
48,88,43
48,89,91
48,90,26
48,91,74
48,92,9
48,93,57
48,94,105
48,95,40
48,96,88
48,97,23
48,98,71
48,99,6
48,100,54
48,101,102
48,102,37
48,103,85
48,104,20
48,105,68
48,106,3
48,107,51
48,108,99
48,109,34
48,110,82
48,111,17
48,112,65
49,0,0
49,1,49
49,2,98
49,3,34
49,4,83
49,5,19
49,6,68
49,7,4
49,8,53
49,9,102
49,10,38
49,11,87
49,12,23
49,13,72
49,14,8
49,15,57
49,16,106
49,17,42
49,18,91
49,19,27
49,20,76
49,21,12
49,22,61
49,23,110
49,24,46
49,25,95
49,26,31
49,27,80
49,28,16
49,29,65
49,30,1
49,31,50
49,32,99
49,33,35
49,34,84
49,35,20
49,36,69
49,37,5
49,38,54
49,39,103
49,40,39
49,41,88
49,42,24
49,43,73
49,44,9
49,45,58
49,46,107
49,47,43
49,48,92
49,49,28
49,50,77
49,51,13
49,52,62
49,53,111
49,54,47
49,55,96
49,56,32
49,57,81
49,58,17
49,59,66
49,60,2
49,61,51
49,62,100
49,63,36
49,64,85
49,65,21
49,66,70
49,67,6
49,68,55
49,69,104
49,70,40
49,71,89
49,72,25
49,73,74
49,74,10
49,75,59
49,76,108
49,77,44
49,78,93
49,79,29
49,80,78
49,81,14
49,82,63
49,83,112
49,84,48
49,85,97
49,86,33
49,87,82
49,88,18
49,89,67
49,90,3
49,91,52
49,92,101
49,93,37
49,94,86
49,95,22
49,96,71
49,97,7
49,98,56
49,99,105
49,100,41
49,101,90
49,102,26
49,103,75
49,104,11
49,105,60
49,106,109
49,107,45
49,108,94
49,109,30
49,110,79
49,111,15
49,112,64
50,0,0
50,1,50
50,2,100
50,3,37
50,4,87
50,5,24
50,6,74
50,7,11
50,8,61
50,9,111
50,10,48
50,11,98
50,12,35
50,13,85
50,14,22
50,15,72
50,16,9
50,17,59
50,18,109
50,19,46
50,20,96
50,21,33
50,22,83
50,23,20
50,24,70
50,25,7
50,26,57
50,27,107
50,28,44
50,29,94
50,30,31
50,31,81
50,32,18
50,33,68
50,34,5
50,35,55
50,36,105
50,37,42
50,38,92
50,39,29
50,40,79
50,41,16
50,42,66
50,43,3
50,44,53
50,45,103
50,46,40
50,47,90
50,48,27
50,49,77
50,50,14
50,51,64
50,52,1
50,53,51
50,54,101
50,55,38
50,56,88
50,57,25
50,58,75
50,59,12
50,60,62
50,61,112
50,62,49
50,63,99
50,64,36
50,65,86
50,66,23
50,67,73
50,68,10
50,69,60
50,70,110
50,71,47
50,72,97
50,73,34
50,74,84
50,75,21
50,76,71
50,77,8
50,78,58
50,79,108
50,80,45
50,81,95
50,82,32
50,83,82
50,84,19
50,85,69
50,86,6
50,87,56
50,88,106
50,89,43
50,90,93
50,91,30
50,92,80
50,93,17
50,94,67
50,95,4
50,96,54
50,97,104
50,98,41
50,99,91
50,100,28
50,101,78
50,102,15
50,103,65
50,104,2
50,105,52
50,106,102
50,107,39
50,108,89
50,109,26
50,110,76
50,111,13
50,112,63
51,0,0
51,1,51
51,2,102
51,3,40
51,4,91
51,5,29
51,6,80
51,7,18
51,8,69
51,9,7
51,10,58
51,11,109
51,12,47
51,13,98
51,14,36
51,15,87
51,16,25
51,17,76
51,18,14
51,19,65
51,20,3
51,21,54
51,22,105
51,23,43
51,24,94
51,25,32
51,26,83
51,27,21
51,28,72
51,29,10
51,30,61
51,31,112
51,32,50
51,33,101
51,34,39
51,35,90
51,36,28
51,37,79
51,38,17
51,39,68
51,40,6
51,41,57
51,42,108
51,43,46
51,44,97
51,45,35
51,46,86
51,47,24
51,48,75
51,49,13
51,50,64
51,51,2
51,52,53
51,53,104
51,54,42
51,55,93
51,56,31
51,57,82
51,58,20
51,59,71
51,60,9
51,61,60
51,62,111
51,63,49
51,64,100
51,65,38
51,66,89
51,67,27
51,68,78
51,69,16
51,70,67
51,71,5
51,72,56
51,73,107
51,74,45
51,75,96
51,76,34
51,77,85
51,78,23
51,79,74
51,80,12
51,81,63
51,82,1
51,83,52
51,84,103
51,85,41
51,86,92
51,87,30
51,88,81
51,89,19
51,90,70
51,91,8
51,92,59
51,93,110
51,94,48
51,95,99
51,96,37
51,97,88
51,98,26
51,99,77
51,100,15
51,101,66
51,102,4
51,103,55
51,104,106
51,105,44
51,106,95
51,107,33
51,108,84
51,109,22
51,110,73
51,111,11
51,112,62
52,0,0
52,1,52
52,2,104
52,3,43
52,4,95
52,5,34
52,6,86
52,7,25
52,8,77
52,9,16
52,10,68
52,11,7
52,12,59
52,13,111
52,14,50
52,15,102
52,16,41
52,17,93
52,18,32
52,19,84
52,20,23
52,21,75
52,22,14
52,23,66
52,24,5
52,25,57
52,26,109
52,27,48
52,28,100
52,29,39
52,30,91
52,31,30
52,32,82
52,33,21
52,34,73
52,35,12
52,36,64
52,37,3
52,38,55
52,39,107
52,40,46
52,41,98
52,42,37
52,43,89
52,44,28
52,45,80
52,46,19
52,47,71
52,48,10
52,49,62
52,50,1
52,51,53
52,52,105
52,53,44
52,54,96
52,55,35
52,56,87
52,57,26
52,58,78
52,59,17
52,60,69
52,61,8
52,62,60
52,63,112
52,64,51
52,65,103
52,66,42
52,67,94
52,68,33
52,69,85
52,70,24
52,71,76
52,72,15
52,73,67
52,74,6
52,75,58
52,76,110
52,77,49
52,78,101
52,79,40
52,80,92
52,81,31
52,82,83
52,83,22
52,84,74
52,85,13
52,86,65
52,87,4
52,88,56
52,89,108
52,90,47
52,91,99
52,92,38
52,93,90
52,94,29
52,95,81
52,96,20
52,97,72
52,98,11
52,99,63
52,100,2
52,101,54
52,102,106
52,103,45
52,104,97
52,105,36
52,106,88
52,107,27
52,108,79
52,109,18
52,110,70
52,111,9
52,112,61
53,0,0
53,1,53
53,2,106
53,3,46
53,4,99
53,5,39
53,6,92
53,7,32
53,8,85
53,9,25
53,10,78
53,11,18
53,12,71
53,13,11
53,14,64
53,15,4
53,16,57
53,17,110
53,18,50
53,19,103
53,20,43
53,21,96
53,22,36
53,23,89
53,24,29
53,25,82
53,26,22
53,27,75
53,28,15
53,29,68
53,30,8
53,31,61
53,32,1
53,33,54
53,34,107
53,35,47
53,36,100
53,37,40
53,38,93
53,39,33
53,40,86
53,41,26
53,42,79
53,43,19
53,44,72
53,45,12
53,46,65
53,47,5
53,48,58
53,49,111
53,50,51
53,51,104
53,52,44
53,53,97
53,54,37
53,55,90
53,56,30
53,57,83
53,58,23
53,59,76
53,60,16
53,61,69
53,62,9
53,63,62
53,64,2
53,65,55
53,66,108
53,67,48
53,68,101
53,69,41
53,70,94
53,71,34
53,72,87
53,73,27
53,74,80
53,75,20
53,76,73
53,77,13
53,78,66
53,79,6
53,80,59
53,81,112
53,82,52
53,83,105
53,84,45
53,85,98
53,86,38
53,87,91
53,88,31
53,89,84
53,90,24
53,91,77
53,92,17
53,93,70
53,94,10
53,95,63
53,96,3
53,97,56
53,98,109
53,99,49
53,100,102
53,101,42
53,102,95
53,103,35
53,104,88
53,105,28
53,106,81
53,107,21
53,108,74
53,109,14
53,110,67
53,111,7
53,112,60
54,0,0
54,1,54
54,2,108
54,3,49
54,4,103
54,5,44
54,6,98
54,7,39
54,8,93
54,9,34
54,10,88
54,11,29
54,12,83
54,13,24
54,14,78
54,15,19
54,16,73
54,17,14
54,18,68
54,19,9
54,20,63
54,21,4
54,22,58
54,23,112
54,24,53
54,25,107
54,26,48
54,27,102
54,28,43
54,29,97
54,30,38
54,31,92
54,32,33
54,33,87
54,34,28
54,35,82
54,36,23
54,37,77
54,38,18
54,39,72
54,40,13
54,41,67
54,42,8
54,43,62
54,44,3
54,45,57
54,46,111
54,47,52
54,48,106
54,49,47
54,50,101
54,51,42
54,52,96
54,53,37
54,54,91
54,55,32
54,56,86
54,57,27
54,58,81
54,59,22
54,60,76
54,61,17
54,62,71
54,63,12
54,64,66
54,65,7
54,66,61
54,67,2
54,68,56
54,69,110
54,70,51
54,71,105
54,72,46
54,73,100
54,74,41
54,75,95
54,76,36
54,77,90
54,78,31
54,79,85
54,80,26
54,81,80
54,82,21
54,83,75
54,84,16
54,85,70
54,86,11
54,87,65
54,88,6
54,89,60
54,90,1
54,91,55
54,92,109
54,93,50
54,94,104
54,95,45
54,96,99
54,97,40
54,98,94
54,99,35
54,100,89
54,101,30
54,102,84
54,103,25
54,104,79
54,105,20
54,106,74
54,107,15
54,108,69
54,109,10
54,110,64
54,111,5
54,112,59
55,0,0
55,1,55
55,2,110
55,3,52
55,4,107
55,5,49
55,6,104
55,7,46
55,8,101
55,9,43
55,10,98
55,11,40
55,12,95
55,13,37
55,14,92
55,15,34
55,16,89
55,17,31
55,18,86
55,19,28
55,20,83
55,21,25
55,22,80
55,23,22
55,24,77
55,25,19
55,26,74
55,27,16
55,28,71
55,29,13
55,30,68
55,31,10
55,32,65
55,33,7
55,34,62
55,35,4
55,36,59
55,37,1
55,38,56
55,39,111
55,40,53
55,41,108
55,42,50
55,43,105
55,44,47
55,45,102
55,46,44
55,47,99
55,48,41
55,49,96
55,50,38
55,51,93
55,52,35
55,53,90
55,54,32
55,55,87
55,56,29
55,57,84
55,58,26
55,59,81
55,60,23
55,61,78
55,62,20
55,63,75
55,64,17
55,65,72
55,66,14
55,67,69
55,68,11
55,69,66
55,70,8
55,71,63
55,72,5
55,73,60
55,74,2
55,75,57
55,76,112
55,77,54
55,78,109
55,79,51
55,80,106
55,81,48
55,82,103
55,83,45
55,84,100
55,85,42
55,86,97
55,87,39
55,88,94
55,89,36
55,90,91
55,91,33
55,92,88
55,93,30
55,94,85
55,95,27
55,96,82
55,97,24
55,98,79
55,99,21
55,100,76
55,101,18
55,102,73
55,103,15
55,104,70
55,105,12
55,106,67
55,107,9
55,108,64
55,109,6
55,110,61
55,111,3
55,112,58
56,0,0
56,1,56
56,2,112
56,3,55
56,4,111
56,5,54
56,6,110
56,7,53
56,8,109
56,9,52
56,10,108
56,11,51
56,12,107
56,13,50
56,14,106
56,15,49
56,16,105
56,17,48
56,18,104
56,19,47
56,20,103
56,21,46
56,22,102
56,23,45
56,24,101
56,25,44
56,26,100
56,27,43
56,28,99
56,29,42
56,30,98
56,31,41
56,32,97
56,33,40
56,34,96
56,35,39
56,36,95
56,37,38
56,38,94
56,39,37
56,40,93
56,41,36
56,42,92
56,43,35
56,44,91
56,45,34
56,46,90
56,47,33
56,48,89
56,49,32
56,50,88
56,51,31
56,52,87
56,53,30
56,54,86
56,55,29
56,56,85
56,57,28
56,58,84
56,59,27
56,60,83
56,61,26
56,62,82
56,63,25
56,64,81
56,65,24
56,66,80
56,67,23
56,68,79
56,69,22
56,70,78
56,71,21
56,72,77
56,73,20
56,74,76
56,75,19
56,76,75
56,77,18
56,78,74
56,79,17
56,80,73
56,81,16
56,82,72
56,83,15
56,84,71
56,85,14
56,86,70
56,87,13
56,88,69
56,89,12
56,90,68
56,91,11
56,92,67
56,93,10
56,94,66
56,95,9
56,96,65
56,97,8
56,98,64
56,99,7
56,100,63
56,101,6
56,102,62
56,103,5
56,104,61
56,105,4
56,106,60
56,107,3
56,108,59
56,109,2
56,110,58
56,111,1
56,112,57
57,0,0
57,1,57
57,2,1
57,3,58
57,4,2
57,5,59
57,6,3
57,7,60
57,8,4
57,9,61
57,10,5
57,11,62
57,12,6
57,13,63
57,14,7
57,15,64
57,16,8
57,17,65
57,18,9
57,19,66
57,20,10
57,21,67
57,22,11
57,23,68
57,24,12
57,25,69
57,26,13
57,27,70
57,28,14
57,29,71
57,30,15
57,31,72
57,32,16
57,33,73
57,34,17
57,35,74
57,36,18
57,37,75
57,38,19
57,39,76
57,40,20
57,41,77
57,42,21
57,43,78
57,44,22
57,45,79
57,46,23
57,47,80
57,48,24
57,49,81
57,50,25
57,51,82
57,52,26
57,53,83
57,54,27
57,55,84
57,56,28
57,57,85
57,58,29
57,59,86
57,60,30
57,61,87
57,62,31
57,63,88
57,64,32
57,65,89
57,66,33
57,67,90
57,68,34
57,69,91
57,70,35
57,71,92
57,72,36
57,73,93
57,74,37
57,75,94
57,76,38
57,77,95
57,78,39
57,79,96
57,80,40
57,81,97
57,82,41
57,83,98
57,84,42
57,85,99
57,86,43
57,87,100
57,88,44
57,89,101
57,90,45
57,91,102
57,92,46
57,93,103
57,94,47
57,95,104
57,96,48
57,97,105
57,98,49
57,99,106
57,100,50
57,101,107
57,102,51
57,103,108
57,104,52
57,105,109
57,106,53
57,107,110
57,108,54
57,109,111
57,110,55
57,111,112
57,112,56
58,0,0
58,1,58
58,2,3
58,3,61
58,4,6
58,5,64
58,6,9
58,7,67
58,8,12
58,9,70
58,10,15
58,11,73
58,12,18
58,13,76
58,14,21
58,15,79
58,16,24
58,17,82
58,18,27
58,19,85
58,20,30
58,21,88
58,22,33
58,23,91
58,24,36
58,25,94
58,26,39
58,27,97
58,28,42
58,29,100
58,30,45
58,31,103
58,32,48
58,33,106
58,34,51
58,35,109
58,36,54
58,37,112
58,38,57
58,39,2
58,40,60
58,41,5
58,42,63
58,43,8
58,44,66
58,45,11
58,46,69
58,47,14
58,48,72
58,49,17
58,50,75
58,51,20
58,52,78
58,53,23
58,54,81
58,55,26
58,56,84
58,57,29
58,58,87
58,59,32
58,60,90
58,61,35
58,62,93
58,63,38
58,64,96
58,65,41
58,66,99
58,67,44
58,68,102
58,69,47
58,70,105
58,71,50
58,72,108
58,73,53
58,74,111
58,75,56
58,76,1
58,77,59
58,78,4
58,79,62
58,80,7
58,81,65
58,82,10
58,83,68
58,84,13
58,85,71
58,86,16
58,87,74
58,88,19
58,89,77
58,90,22
58,91,80
58,92,25
58,93,83
58,94,28
58,95,86
58,96,31
58,97,89
58,98,34
58,99,92
58,100,37
58,101,95
58,102,40
58,103,98
58,104,43
58,105,101
58,106,46
58,107,104
58,108,49
58,109,107
58,110,52
58,111,110
58,112,55
59,0,0
59,1,59
59,2,5
59,3,64
59,4,10
59,5,69
59,6,15
59,7,74
59,8,20
59,9,79
59,10,25
59,11,84
59,12,30
59,13,89
59,14,35
59,15,94
59,16,40
59,17,99
59,18,45
59,19,104
59,20,50
59,21,109
59,22,55
59,23,1
59,24,60
59,25,6
59,26,65
59,27,11
59,28,70
59,29,16
59,30,75
59,31,21
59,32,80
59,33,26
59,34,85
59,35,31
59,36,90
59,37,36
59,38,95
59,39,41
59,40,100
59,41,46
59,42,105
59,43,51
59,44,110
59,45,56
59,46,2
59,47,61
59,48,7
59,49,66
59,50,12
59,51,71
59,52,17
59,53,76
59,54,22
59,55,81
59,56,27
59,57,86
59,58,32
59,59,91
59,60,37
59,61,96
59,62,42
59,63,101
59,64,47
59,65,106
59,66,52
59,67,111
59,68,57
59,69,3
59,70,62
59,71,8
59,72,67
59,73,13
59,74,72
59,75,18
59,76,77
59,77,23
59,78,82
59,79,28
59,80,87
59,81,33
59,82,92
59,83,38
59,84,97
59,85,43
59,86,102
59,87,48
59,88,107
59,89,53
59,90,112
59,91,58
59,92,4
59,93,63
59,94,9
59,95,68
59,96,14
59,97,73
59,98,19
59,99,78
59,100,24
59,101,83
59,102,29
59,103,88
59,104,34
59,105,93
59,106,39
59,107,98
59,108,44
59,109,103
59,110,49
59,111,108
59,112,54
60,0,0
60,1,60
60,2,7
60,3,67
60,4,14
60,5,74
60,6,21
60,7,81
60,8,28
60,9,88
60,10,35
60,11,95
60,12,42
60,13,102
60,14,49
60,15,109
60,16,56
60,17,3
60,18,63
60,19,10
60,20,70
60,21,17
60,22,77
60,23,24
60,24,84
60,25,31
60,26,91
60,27,38
60,28,98
60,29,45
60,30,105
60,31,52
60,32,112
60,33,59
60,34,6
60,35,66
60,36,13
60,37,73
60,38,20
60,39,80
60,40,27
60,41,87
60,42,34
60,43,94
60,44,41
60,45,101
60,46,48
60,47,108
60,48,55
60,49,2
60,50,62
60,51,9
60,52,69
60,53,16
60,54,76
60,55,23
60,56,83
60,57,30
60,58,90
60,59,37
60,60,97
60,61,44
60,62,104
60,63,51
60,64,111
60,65,58
60,66,5
60,67,65
60,68,12
60,69,72
60,70,19
60,71,79
60,72,26
60,73,86
60,74,33
60,75,93
60,76,40
60,77,100
60,78,47
60,79,107
60,80,54
60,81,1
60,82,61
60,83,8
60,84,68
60,85,15
60,86,75
60,87,22
60,88,82
60,89,29
60,90,89
60,91,36
60,92,96
60,93,43
60,94,103
60,95,50
60,96,110
60,97,57
60,98,4
60,99,64
60,100,11
60,101,71
60,102,18
60,103,78
60,104,25
60,105,85
60,106,32
60,107,92
60,108,39
60,109,99
60,110,46
60,111,106
60,112,53
61,0,0
61,1,61
61,2,9
61,3,70
61,4,18
61,5,79
61,6,27
61,7,88
61,8,36
61,9,97
61,10,45
61,11,106
61,12,54
61,13,2
61,14,63
61,15,11
61,16,72
61,17,20
61,18,81
61,19,29
61,20,90
61,21,38
61,22,99
61,23,47
61,24,108
61,25,56
61,26,4
61,27,65
61,28,13
61,29,74
61,30,22
61,31,83
61,32,31
61,33,92
61,34,40
61,35,101
61,36,49
61,37,110
61,38,58
61,39,6
61,40,67
61,41,15
61,42,76
61,43,24
61,44,85
61,45,33
61,46,94
61,47,42
61,48,103
61,49,51
61,50,112
61,51,60
61,52,8
61,53,69
61,54,17
61,55,78
61,56,26
61,57,87
61,58,35
61,59,96
61,60,44
61,61,105
61,62,53
61,63,1
61,64,62
61,65,10
61,66,71
61,67,19
61,68,80
61,69,28
61,70,89
61,71,37
61,72,98
61,73,46
61,74,107
61,75,55
61,76,3
61,77,64
61,78,12
61,79,73
61,80,21
61,81,82
61,82,30
61,83,91
61,84,39
61,85,100
61,86,48
61,87,109
61,88,57
61,89,5
61,90,66
61,91,14
61,92,75
61,93,23
61,94,84
61,95,32
61,96,93
61,97,41
61,98,102
61,99,50
61,100,111
61,101,59
61,102,7
61,103,68
61,104,16
61,105,77
61,106,25
61,107,86
61,108,34
61,109,95
61,110,43
61,111,104
61,112,52
62,0,0
62,1,62
62,2,11
62,3,73
62,4,22
62,5,84
62,6,33
62,7,95
62,8,44
62,9,106
62,10,55
62,11,4
62,12,66
62,13,15
62,14,77
62,15,26
62,16,88
62,17,37
62,18,99
62,19,48
62,20,110
62,21,59
62,22,8
62,23,70
62,24,19
62,25,81
62,26,30
62,27,92
62,28,41
62,29,103
62,30,52
62,31,1
62,32,63
62,33,12
62,34,74
62,35,23
62,36,85
62,37,34
62,38,96
62,39,45
62,40,107
62,41,56
62,42,5
62,43,67
62,44,16
62,45,78
62,46,27
62,47,89
62,48,38
62,49,100
62,50,49
62,51,111
62,52,60
62,53,9
62,54,71
62,55,20
62,56,82
62,57,31
62,58,93
62,59,42
62,60,104
62,61,53
62,62,2
62,63,64
62,64,13
62,65,75
62,66,24
62,67,86
62,68,35
62,69,97
62,70,46
62,71,108
62,72,57
62,73,6
62,74,68
62,75,17
62,76,79
62,77,28
62,78,90
62,79,39
62,80,101
62,81,50
62,82,112
62,83,61
62,84,10
62,85,72
62,86,21
62,87,83
62,88,32
62,89,94
62,90,43
62,91,105
62,92,54
62,93,3
62,94,65
62,95,14
62,96,76
62,97,25
62,98,87
62,99,36
62,100,98
62,101,47
62,102,109
62,103,58
62,104,7
62,105,69
62,106,18
62,107,80
62,108,29
62,109,91
62,110,40
62,111,102
62,112,51
63,0,0
63,1,63
63,2,13
63,3,76
63,4,26
63,5,89
63,6,39
63,7,102
63,8,52
63,9,2
63,10,65
63,11,15
63,12,78
63,13,28
63,14,91
63,15,41
63,16,104
63,17,54
63,18,4
63,19,67
63,20,17
63,21,80
63,22,30
63,23,93
63,24,43
63,25,106
63,26,56
63,27,6
63,28,69
63,29,19
63,30,82
63,31,32
63,32,95
63,33,45
63,34,108
63,35,58
63,36,8
63,37,71
63,38,21
63,39,84
63,40,34
63,41,97
63,42,47
63,43,110
63,44,60
63,45,10
63,46,73
63,47,23
63,48,86
63,49,36
63,50,99
63,51,49
63,52,112
63,53,62
63,54,12
63,55,75
63,56,25
63,57,88
63,58,38
63,59,101
63,60,51
63,61,1
63,62,64
63,63,14
63,64,77
63,65,27
63,66,90
63,67,40
63,68,103
63,69,53
63,70,3
63,71,66
63,72,16
63,73,79
63,74,29
63,75,92
63,76,42
63,77,105
63,78,55
63,79,5
63,80,68
63,81,18
63,82,81
63,83,31
63,84,94
63,85,44
63,86,107
63,87,57
63,88,7
63,89,70
63,90,20
63,91,83
63,92,33
63,93,96
63,94,46
63,95,109
63,96,59
63,97,9
63,98,72
63,99,22
63,100,85
63,101,35
63,102,98
63,103,48
63,104,111
63,105,61
63,106,11
63,107,74
63,108,24
63,109,87
63,110,37
63,111,100
63,112,50
64,0,0
64,1,64
64,2,15
64,3,79
64,4,30
64,5,94
64,6,45
64,7,109
64,8,60
64,9,11
64,10,75
64,11,26
64,12,90
64,13,41
64,14,105
64,15,56
64,16,7
64,17,71
64,18,22
64,19,86
64,20,37
64,21,101
64,22,52
64,23,3
64,24,67
64,25,18
64,26,82
64,27,33
64,28,97
64,29,48
64,30,112
64,31,63
64,32,14
64,33,78
64,34,29
64,35,93
64,36,44
64,37,108
64,38,59
64,39,10
64,40,74
64,41,25
64,42,89
64,43,40
64,44,104
64,45,55
64,46,6
64,47,70
64,48,21
64,49,85
64,50,36
64,51,100
64,52,51
64,53,2
64,54,66
64,55,17
64,56,81
64,57,32
64,58,96
64,59,47
64,60,111
64,61,62
64,62,13
64,63,77
64,64,28
64,65,92
64,66,43
64,67,107
64,68,58
64,69,9
64,70,73
64,71,24
64,72,88
64,73,39
64,74,103
64,75,54
64,76,5
64,77,69
64,78,20
64,79,84
64,80,35
64,81,99
64,82,50
64,83,1
64,84,65
64,85,16
64,86,80
64,87,31
64,88,95
64,89,46
64,90,110
64,91,61
64,92,12
64,93,76
64,94,27
64,95,91
64,96,42
64,97,106
64,98,57
64,99,8
64,100,72
64,101,23
64,102,87
64,103,38
64,104,102
64,105,53
64,106,4
64,107,68
64,108,19
64,109,83
64,110,34
64,111,98
64,112,49
65,0,0
65,1,65
65,2,17
65,3,82
65,4,34
65,5,99
65,6,51
65,7,3
65,8,68
65,9,20
65,10,85
65,11,37
65,12,102
65,13,54
65,14,6
65,15,71
65,16,23
65,17,88
65,18,40
65,19,105
65,20,57
65,21,9
65,22,74
65,23,26
65,24,91
65,25,43
65,26,108
65,27,60
65,28,12
65,29,77
65,30,29
65,31,94
65,32,46
65,33,111
65,34,63
65,35,15
65,36,80
65,37,32
65,38,97
65,39,49
65,40,1
65,41,66
65,42,18
65,43,83
65,44,35
65,45,100
65,46,52
65,47,4
65,48,69
65,49,21
65,50,86
65,51,38
65,52,103
65,53,55
65,54,7
65,55,72
65,56,24
65,57,89
65,58,41
65,59,106
65,60,58
65,61,10
65,62,75
65,63,27
65,64,92
65,65,44
65,66,109
65,67,61
65,68,13
65,69,78
65,70,30
65,71,95
65,72,47
65,73,112
65,74,64
65,75,16
65,76,81
65,77,33
65,78,98
65,79,50
65,80,2
65,81,67
65,82,19
65,83,84
65,84,36
65,85,101
65,86,53
65,87,5
65,88,70
65,89,22
65,90,87
65,91,39
65,92,104
65,93,56
65,94,8
65,95,73
65,96,25
65,97,90
65,98,42
65,99,107
65,100,59
65,101,11
65,102,76
65,103,28
65,104,93
65,105,45
65,106,110
65,107,62
65,108,14
65,109,79
65,110,31
65,111,96
65,112,48
66,0,0
66,1,66
66,2,19
66,3,85
66,4,38
66,5,104
66,6,57
66,7,10
66,8,76
66,9,29
66,10,95
66,11,48
66,12,1
66,13,67
66,14,20
66,15,86
66,16,39
66,17,105
66,18,58
66,19,11
66,20,77
66,21,30
66,22,96
66,23,49
66,24,2
66,25,68
66,26,21
66,27,87
66,28,40
66,29,106
66,30,59
66,31,12
66,32,78
66,33,31
66,34,97
66,35,50
66,36,3
66,37,69
66,38,22
66,39,88
66,40,41
66,41,107
66,42,60
66,43,13
66,44,79
66,45,32
66,46,98
66,47,51
66,48,4
66,49,70
66,50,23
66,51,89
66,52,42
66,53,108
66,54,61
66,55,14
66,56,80
66,57,33
66,58,99
66,59,52
66,60,5
66,61,71
66,62,24
66,63,90
66,64,43
66,65,109
66,66,62
66,67,15
66,68,81
66,69,34
66,70,100
66,71,53
66,72,6
66,73,72
66,74,25
66,75,91
66,76,44
66,77,110
66,78,63
66,79,16
66,80,82
66,81,35
66,82,101
66,83,54
66,84,7
66,85,73
66,86,26
66,87,92
66,88,45
66,89,111
66,90,64
66,91,17
66,92,83
66,93,36
66,94,102
66,95,55
66,96,8
66,97,74
66,98,27
66,99,93
66,100,46
66,101,112
66,102,65
66,103,18
66,104,84
66,105,37
66,106,103
66,107,56
66,108,9
66,109,75
66,110,28
66,111,94
66,112,47
67,0,0
67,1,67
67,2,21
67,3,88
67,4,42
67,5,109
67,6,63
67,7,17
67,8,84
67,9,38
67,10,105
67,11,59
67,12,13
67,13,80
67,14,34
67,15,101
67,16,55
67,17,9
67,18,76
67,19,30
67,20,97
67,21,51
67,22,5
67,23,72
67,24,26
67,25,93
67,26,47
67,27,1
67,28,68
67,29,22
67,30,89
67,31,43
67,32,110
67,33,64
67,34,18
67,35,85
67,36,39
67,37,106
67,38,60
67,39,14
67,40,81
67,41,35
67,42,102
67,43,56
67,44,10
67,45,77
67,46,31
67,47,98
67,48,52
67,49,6
67,50,73
67,51,27
67,52,94
67,53,48
67,54,2
67,55,69
67,56,23
67,57,90
67,58,44
67,59,111
67,60,65
67,61,19
67,62,86
67,63,40
67,64,107
67,65,61
67,66,15
67,67,82
67,68,36
67,69,103
67,70,57
67,71,11
67,72,78
67,73,32
67,74,99
67,75,53
67,76,7
67,77,74
67,78,28
67,79,95
67,80,49
67,81,3
67,82,70
67,83,24
67,84,91
67,85,45
67,86,112
67,87,66
67,88,20
67,89,87
67,90,41
67,91,108
67,92,62
67,93,16
67,94,83
67,95,37
67,96,104
67,97,58
67,98,12
67,99,79
67,100,33
67,101,100
67,102,54
67,103,8
67,104,75
67,105,29
67,106,96
67,107,50
67,108,4
67,109,71
67,110,25
67,111,92
67,112,46
68,0,0
68,1,68
68,2,23
68,3,91
68,4,46
68,5,1
68,6,69
68,7,24
68,8,92
68,9,47
68,10,2
68,11,70
68,12,25
68,13,93
68,14,48
68,15,3
68,16,71
68,17,26
68,18,94
68,19,49
68,20,4
68,21,72
68,22,27
68,23,95
68,24,50
68,25,5
68,26,73
68,27,28
68,28,96
68,29,51
68,30,6
68,31,74
68,32,29
68,33,97
68,34,52
68,35,7
68,36,75
68,37,30
68,38,98
68,39,53
68,40,8
68,41,76
68,42,31
68,43,99
68,44,54
68,45,9
68,46,77
68,47,32
68,48,100
68,49,55
68,50,10
68,51,78
68,52,33
68,53,101
68,54,56
68,55,11
68,56,79
68,57,34
68,58,102
68,59,57
68,60,12
68,61,80
68,62,35
68,63,103
68,64,58
68,65,13
68,66,81
68,67,36
68,68,104
68,69,59
68,70,14
68,71,82
68,72,37
68,73,105
68,74,60
68,75,15
68,76,83
68,77,38
68,78,106
68,79,61
68,80,16
68,81,84
68,82,39
68,83,107
68,84,62
68,85,17
68,86,85
68,87,40
68,88,108
68,89,63
68,90,18
68,91,86
68,92,41
68,93,109
68,94,64
68,95,19
68,96,87
68,97,42
68,98,110
68,99,65
68,100,20
68,101,88
68,102,43
68,103,111
68,104,66
68,105,21
68,106,89
68,107,44
68,108,112
68,109,67
68,110,22
68,111,90
68,112,45
69,0,0
69,1,69
69,2,25
69,3,94
69,4,50
69,5,6
69,6,75
69,7,31
69,8,100
69,9,56
69,10,12
69,11,81
69,12,37
69,13,106
69,14,62
69,15,18
69,16,87
69,17,43
69,18,112
69,19,68
69,20,24
69,21,93
69,22,49
69,23,5
69,24,74
69,25,30
69,26,99
69,27,55
69,28,11
69,29,80
69,30,36
69,31,105
69,32,61
69,33,17
69,34,86
69,35,42
69,36,111
69,37,67
69,38,23
69,39,92
69,40,48
69,41,4
69,42,73
69,43,29
69,44,98
69,45,54
69,46,10
69,47,79
69,48,35
69,49,104
69,50,60
69,51,16
69,52,85
69,53,41
69,54,110
69,55,66
69,56,22
69,57,91
69,58,47
69,59,3
69,60,72
69,61,28
69,62,97
69,63,53
69,64,9
69,65,78
69,66,34
69,67,103
69,68,59
69,69,15
69,70,84
69,71,40
69,72,109
69,73,65
69,74,21
69,75,90
69,76,46
69,77,2
69,78,71
69,79,27
69,80,96
69,81,52
69,82,8
69,83,77
69,84,33
69,85,102
69,86,58
69,87,14
69,88,83
69,89,39
69,90,108
69,91,64
69,92,20
69,93,89
69,94,45
69,95,1
69,96,70
69,97,26
69,98,95
69,99,51
69,100,7
69,101,76
69,102,32
69,103,101
69,104,57
69,105,13
69,106,82
69,107,38
69,108,107
69,109,63
69,110,19
69,111,88
69,112,44
70,0,0
70,1,70
70,2,27
70,3,97
70,4,54
70,5,11
70,6,81
70,7,38
70,8,108
70,9,65
70,10,22
70,11,92
70,12,49
70,13,6
70,14,76
70,15,33
70,16,103
70,17,60
70,18,17
70,19,87
70,20,44
70,21,1
70,22,71
70,23,28
70,24,98
70,25,55
70,26,12
70,27,82
70,28,39
70,29,109
70,30,66
70,31,23
70,32,93
70,33,50
70,34,7
70,35,77
70,36,34
70,37,104
70,38,61
70,39,18
70,40,88
70,41,45
70,42,2
70,43,72
70,44,29
70,45,99
70,46,56
70,47,13
70,48,83
70,49,40
70,50,110
70,51,67
70,52,24
70,53,94
70,54,51
70,55,8
70,56,78
70,57,35
70,58,105
70,59,62
70,60,19
70,61,89
70,62,46
70,63,3
70,64,73
70,65,30
70,66,100
70,67,57
70,68,14
70,69,84
70,70,41
70,71,111
70,72,68
70,73,25
70,74,95
70,75,52
70,76,9
70,77,79
70,78,36
70,79,106
70,80,63
70,81,20
70,82,90
70,83,47
70,84,4
70,85,74
70,86,31
70,87,101
70,88,58
70,89,15
70,90,85
70,91,42
70,92,112
70,93,69
70,94,26
70,95,96
70,96,53
70,97,10
70,98,80
70,99,37
70,100,107
70,101,64
70,102,21
70,103,91
70,104,48
70,105,5
70,106,75
70,107,32
70,108,102
70,109,59
70,110,16
70,111,86
70,112,43
71,0,0
71,1,71
71,2,29
71,3,100
71,4,58
71,5,16
71,6,87
71,7,45
71,8,3
71,9,74
71,10,32
71,11,103
71,12,61
71,13,19
71,14,90
71,15,48
71,16,6
71,17,77
71,18,35
71,19,106
71,20,64
71,21,22
71,22,93
71,23,51
71,24,9
71,25,80
71,26,38
71,27,109
71,28,67
71,29,25
71,30,96
71,31,54
71,32,12
71,33,83
71,34,41
71,35,112
71,36,70
71,37,28
71,38,99
71,39,57
71,40,15
71,41,86
71,42,44
71,43,2
71,44,73
71,45,31
71,46,102
71,47,60
71,48,18
71,49,89
71,50,47
71,51,5
71,52,76
71,53,34
71,54,105
71,55,63
71,56,21
71,57,92
71,58,50
71,59,8
71,60,79
71,61,37
71,62,108
71,63,66
71,64,24
71,65,95
71,66,53
71,67,11
71,68,82
71,69,40
71,70,111
71,71,69
71,72,27
71,73,98
71,74,56
71,75,14
71,76,85
71,77,43
71,78,1
71,79,72
71,80,30
71,81,101
71,82,59
71,83,17
71,84,88
71,85,46
71,86,4
71,87,75
71,88,33
71,89,104
71,90,62
71,91,20
71,92,91
71,93,49
71,94,7
71,95,78
71,96,36
71,97,107
71,98,65
71,99,23
71,100,94
71,101,52
71,102,10
71,103,81
71,104,39
71,105,110
71,106,68
71,107,26
71,108,97
71,109,55
71,110,13
71,111,84
71,112,42
72,0,0
72,1,72
72,2,31
72,3,103
72,4,62
72,5,21
72,6,93
72,7,52
72,8,11
72,9,83
72,10,42
72,11,1
72,12,73
72,13,32
72,14,104
72,15,63
72,16,22
72,17,94
72,18,53
72,19,12
72,20,84
72,21,43
72,22,2
72,23,74
72,24,33
72,25,105
72,26,64
72,27,23
72,28,95
72,29,54
72,30,13
72,31,85
72,32,44
72,33,3
72,34,75
72,35,34
72,36,106
72,37,65
72,38,24
72,39,96
72,40,55
72,41,14
72,42,86
72,43,45
72,44,4
72,45,76
72,46,35
72,47,107
72,48,66
72,49,25
72,50,97
72,51,56
72,52,15
72,53,87
72,54,46
72,55,5
72,56,77
72,57,36
72,58,108
72,59,67
72,60,26
72,61,98
72,62,57
72,63,16
72,64,88
72,65,47
72,66,6
72,67,78
72,68,37
72,69,109
72,70,68
72,71,27
72,72,99
72,73,58
72,74,17
72,75,89
72,76,48
72,77,7
72,78,79
72,79,38
72,80,110
72,81,69
72,82,28
72,83,100
72,84,59
72,85,18
72,86,90
72,87,49
72,88,8
72,89,80
72,90,39
72,91,111
72,92,70
72,93,29
72,94,101
72,95,60
72,96,19
72,97,91
72,98,50
72,99,9
72,100,81
72,101,40
72,102,112
72,103,71
72,104,30
72,105,102
72,106,61
72,107,20
72,108,92
72,109,51
72,110,10
72,111,82
72,112,41
73,0,0
73,1,73
73,2,33
73,3,106
73,4,66
73,5,26
73,6,99
73,7,59
73,8,19
73,9,92
73,10,52
73,11,12
73,12,85
73,13,45
73,14,5
73,15,78
73,16,38
73,17,111
73,18,71
73,19,31
73,20,104
73,21,64
73,22,24
73,23,97
73,24,57
73,25,17
73,26,90
73,27,50
73,28,10
73,29,83
73,30,43
73,31,3
73,32,76
73,33,36
73,34,109
73,35,69
73,36,29
73,37,102
73,38,62
73,39,22
73,40,95
73,41,55
73,42,15
73,43,88
73,44,48
73,45,8
73,46,81
73,47,41
73,48,1
73,49,74
73,50,34
73,51,107
73,52,67
73,53,27
73,54,100
73,55,60
73,56,20
73,57,93
73,58,53
73,59,13
73,60,86
73,61,46
73,62,6
73,63,79
73,64,39
73,65,112
73,66,72
73,67,32
73,68,105
73,69,65
73,70,25
73,71,98
73,72,58
73,73,18
73,74,91
73,75,51
73,76,11
73,77,84
73,78,44
73,79,4
73,80,77
73,81,37
73,82,110
73,83,70
73,84,30
73,85,103
73,86,63
73,87,23
73,88,96
73,89,56
73,90,16
73,91,89
73,92,49
73,93,9
73,94,82
73,95,42
73,96,2
73,97,75
73,98,35
73,99,108
73,100,68
73,101,28
73,102,101
73,103,61
73,104,21
73,105,94
73,106,54
73,107,14
73,108,87
73,109,47
73,110,7
73,111,80
73,112,40
74,0,0
74,1,74
74,2,35
74,3,109
74,4,70
74,5,31
74,6,105
74,7,66
74,8,27
74,9,101
74,10,62
74,11,23
74,12,97
74,13,58
74,14,19
74,15,93
74,16,54
74,17,15
74,18,89
74,19,50
74,20,11
74,21,85
74,22,46
74,23,7
74,24,81
74,25,42
74,26,3
74,27,77
74,28,38
74,29,112
74,30,73
74,31,34
74,32,108
74,33,69
74,34,30
74,35,104
74,36,65
74,37,26
74,38,100
74,39,61
74,40,22
74,41,96
74,42,57
74,43,18
74,44,92
74,45,53
74,46,14
74,47,88
74,48,49
74,49,10
74,50,84
74,51,45
74,52,6
74,53,80
74,54,41
74,55,2
74,56,76
74,57,37
74,58,111
74,59,72
74,60,33
74,61,107
74,62,68
74,63,29
74,64,103
74,65,64
74,66,25
74,67,99
74,68,60
74,69,21
74,70,95
74,71,56
74,72,17
74,73,91
74,74,52
74,75,13
74,76,87
74,77,48
74,78,9
74,79,83
74,80,44
74,81,5
74,82,79
74,83,40
74,84,1
74,85,75
74,86,36
74,87,110
74,88,71
74,89,32
74,90,106
74,91,67
74,92,28
74,93,102
74,94,63
74,95,24
74,96,98
74,97,59
74,98,20
74,99,94
74,100,55
74,101,16
74,102,90
74,103,51
74,104,12
74,105,86
74,106,47
74,107,8
74,108,82
74,109,43
74,110,4
74,111,78
74,112,39
75,0,0
75,1,75
75,2,37
75,3,112
75,4,74
75,5,36
75,6,111
75,7,73
75,8,35
75,9,110
75,10,72
75,11,34
75,12,109
75,13,71
75,14,33
75,15,108
75,16,70
75,17,32
75,18,107
75,19,69
75,20,31
75,21,106
75,22,68
75,23,30
75,24,105
75,25,67
75,26,29
75,27,104
75,28,66
75,29,28
75,30,103
75,31,65
75,32,27
75,33,102
75,34,64
75,35,26
75,36,101
75,37,63
75,38,25
75,39,100
75,40,62
75,41,24
75,42,99
75,43,61
75,44,23
75,45,98
75,46,60
75,47,22
75,48,97
75,49,59
75,50,21
75,51,96
75,52,58
75,53,20
75,54,95
75,55,57
75,56,19
75,57,94
75,58,56
75,59,18
75,60,93
75,61,55
75,62,17
75,63,92
75,64,54
75,65,16
75,66,91
75,67,53
75,68,15
75,69,90
75,70,52
75,71,14
75,72,89
75,73,51
75,74,13
75,75,88
75,76,50
75,77,12
75,78,87
75,79,49
75,80,11
75,81,86
75,82,48
75,83,10
75,84,85
75,85,47
75,86,9
75,87,84
75,88,46
75,89,8
75,90,83
75,91,45
75,92,7
75,93,82
75,94,44
75,95,6
75,96,81
75,97,43
75,98,5
75,99,80
75,100,42
75,101,4
75,102,79
75,103,41
75,104,3
75,105,78
75,106,40
75,107,2
75,108,77
75,109,39
75,110,1
75,111,76
75,112,38
76,0,0
76,1,76
76,2,39
76,3,2
76,4,78
76,5,41
76,6,4
76,7,80
76,8,43
76,9,6
76,10,82
76,11,45
76,12,8
76,13,84
76,14,47
76,15,10
76,16,86
76,17,49
76,18,12
76,19,88
76,20,51
76,21,14
76,22,90
76,23,53
76,24,16
76,25,92
76,26,55
76,27,18
76,28,94
76,29,57
76,30,20
76,31,96
76,32,59
76,33,22
76,34,98
76,35,61
76,36,24
76,37,100
76,38,63
76,39,26
76,40,102
76,41,65
76,42,28
76,43,104
76,44,67
76,45,30
76,46,106
76,47,69
76,48,32
76,49,108
76,50,71
76,51,34
76,52,110
76,53,73
76,54,36
76,55,112
76,56,75
76,57,38
76,58,1
76,59,77
76,60,40
76,61,3
76,62,79
76,63,42
76,64,5
76,65,81
76,66,44
76,67,7
76,68,83
76,69,46
76,70,9
76,71,85
76,72,48
76,73,11
76,74,87
76,75,50
76,76,13
76,77,89
76,78,52
76,79,15
76,80,91
76,81,54
76,82,17
76,83,93
76,84,56
76,85,19
76,86,95
76,87,58
76,88,21
76,89,97
76,90,60
76,91,23
76,92,99
76,93,62
76,94,25
76,95,101
76,96,64
76,97,27
76,98,103
76,99,66
76,100,29
76,101,105
76,102,68
76,103,31
76,104,107
76,105,70
76,106,33
76,107,109
76,108,72
76,109,35
76,110,111
76,111,74
76,112,37
77,0,0
77,1,77
77,2,41
77,3,5
77,4,82
77,5,46
77,6,10
77,7,87
77,8,51
77,9,15
77,10,92
77,11,56
77,12,20
77,13,97
77,14,61
77,15,25
77,16,102
77,17,66
77,18,30
77,19,107
77,20,71
77,21,35
77,22,112
77,23,76
77,24,40
77,25,4
77,26,81
77,27,45
77,28,9
77,29,86
77,30,50
77,31,14
77,32,91
77,33,55
77,34,19
77,35,96
77,36,60
77,37,24
77,38,101
77,39,65
77,40,29
77,41,106
77,42,70
77,43,34
77,44,111
77,45,75
77,46,39
77,47,3
77,48,80
77,49,44
77,50,8
77,51,85
77,52,49
77,53,13
77,54,90
77,55,54
77,56,18
77,57,95
77,58,59
77,59,23
77,60,100
77,61,64
77,62,28
77,63,105
77,64,69
77,65,33
77,66,110
77,67,74
77,68,38
77,69,2
77,70,79
77,71,43
77,72,7
77,73,84
77,74,48
77,75,12
77,76,89
77,77,53
77,78,17
77,79,94
77,80,58
77,81,22
77,82,99
77,83,63
77,84,27
77,85,104
77,86,68
77,87,32
77,88,109
77,89,73
77,90,37
77,91,1
77,92,78
77,93,42
77,94,6
77,95,83
77,96,47
77,97,11
77,98,88
77,99,52
77,100,16
77,101,93
77,102,57
77,103,21
77,104,98
77,105,62
77,106,26
77,107,103
77,108,67
77,109,31
77,110,108
77,111,72
77,112,36
78,0,0
78,1,78
78,2,43
78,3,8
78,4,86
78,5,51
78,6,16
78,7,94
78,8,59
78,9,24
78,10,102
78,11,67
78,12,32
78,13,110
78,14,75
78,15,40
78,16,5
78,17,83
78,18,48
78,19,13
78,20,91
78,21,56
78,22,21
78,23,99
78,24,64
78,25,29
78,26,107
78,27,72
78,28,37
78,29,2
78,30,80
78,31,45
78,32,10
78,33,88
78,34,53
78,35,18
78,36,96
78,37,61
78,38,26
78,39,104
78,40,69
78,41,34
78,42,112
78,43,77
78,44,42
78,45,7
78,46,85
78,47,50
78,48,15
78,49,93
78,50,58
78,51,23
78,52,101
78,53,66
78,54,31
78,55,109
78,56,74
78,57,39
78,58,4
78,59,82
78,60,47
78,61,12
78,62,90
78,63,55
78,64,20
78,65,98
78,66,63
78,67,28
78,68,106
78,69,71
78,70,36
78,71,1
78,72,79
78,73,44
78,74,9
78,75,87
78,76,52
78,77,17
78,78,95
78,79,60
78,80,25
78,81,103
78,82,68
78,83,33
78,84,111
78,85,76
78,86,41
78,87,6
78,88,84
78,89,49
78,90,14
78,91,92
78,92,57
78,93,22
78,94,100
78,95,65
78,96,30
78,97,108
78,98,73
78,99,38
78,100,3
78,101,81
78,102,46
78,103,11
78,104,89
78,105,54
78,106,19
78,107,97
78,108,62
78,109,27
78,110,105
78,111,70
78,112,35
79,0,0
79,1,79
79,2,45
79,3,11
79,4,90
79,5,56
79,6,22
79,7,101
79,8,67
79,9,33
79,10,112
79,11,78
79,12,44
79,13,10
79,14,89
79,15,55
79,16,21
79,17,100
79,18,66
79,19,32
79,20,111
79,21,77
79,22,43
79,23,9
79,24,88
79,25,54
79,26,20
79,27,99
79,28,65
79,29,31
79,30,110
79,31,76
79,32,42
79,33,8
79,34,87
79,35,53
79,36,19
79,37,98
79,38,64
79,39,30
79,40,109
79,41,75
79,42,41
79,43,7
79,44,86
79,45,52
79,46,18
79,47,97
79,48,63
79,49,29
79,50,108
79,51,74
79,52,40
79,53,6
79,54,85
79,55,51
79,56,17
79,57,96
79,58,62
79,59,28
79,60,107
79,61,73
79,62,39
79,63,5
79,64,84
79,65,50
79,66,16
79,67,95
79,68,61
79,69,27
79,70,106
79,71,72
79,72,38
79,73,4
79,74,83
79,75,49
79,76,15
79,77,94
79,78,60
79,79,26
79,80,105
79,81,71
79,82,37
79,83,3
79,84,82
79,85,48
79,86,14
79,87,93
79,88,59
79,89,25
79,90,104
79,91,70
79,92,36
79,93,2
79,94,81
79,95,47
79,96,13
79,97,92
79,98,58
79,99,24
79,100,103
79,101,69
79,102,35
79,103,1
79,104,80
79,105,46
79,106,12
79,107,91
79,108,57
79,109,23
79,110,102
79,111,68
79,112,34
80,0,0
80,1,80
80,2,47
80,3,14
80,4,94
80,5,61
80,6,28
80,7,108
80,8,75
80,9,42
80,10,9
80,11,89
80,12,56
80,13,23
80,14,103
80,15,70
80,16,37
80,17,4
80,18,84
80,19,51
80,20,18
80,21,98
80,22,65
80,23,32
80,24,112
80,25,79
80,26,46
80,27,13
80,28,93
80,29,60
80,30,27
80,31,107
80,32,74
80,33,41
80,34,8
80,35,88
80,36,55
80,37,22
80,38,102
80,39,69
80,40,36
80,41,3
80,42,83
80,43,50
80,44,17
80,45,97
80,46,64
80,47,31
80,48,111
80,49,78
80,50,45
80,51,12
80,52,92
80,53,59
80,54,26
80,55,106
80,56,73
80,57,40
80,58,7
80,59,87
80,60,54
80,61,21
80,62,101
80,63,68
80,64,35
80,65,2
80,66,82
80,67,49
80,68,16
80,69,96
80,70,63
80,71,30
80,72,110
80,73,77
80,74,44
80,75,11
80,76,91
80,77,58
80,78,25
80,79,105
80,80,72
80,81,39
80,82,6
80,83,86
80,84,53
80,85,20
80,86,100
80,87,67
80,88,34
80,89,1
80,90,81
80,91,48
80,92,15
80,93,95
80,94,62
80,95,29
80,96,109
80,97,76
80,98,43
80,99,10
80,100,90
80,101,57
80,102,24
80,103,104
80,104,71
80,105,38
80,106,5
80,107,85
80,108,52
80,109,19
80,110,99
80,111,66
80,112,33
81,0,0
81,1,81
81,2,49
81,3,17
81,4,98
81,5,66
81,6,34
81,7,2
81,8,83
81,9,51
81,10,19
81,11,100
81,12,68
81,13,36
81,14,4
81,15,85
81,16,53
81,17,21
81,18,102
81,19,70
81,20,38
81,21,6
81,22,87
81,23,55
81,24,23
81,25,104
81,26,72
81,27,40
81,28,8
81,29,89
81,30,57
81,31,25
81,32,106
81,33,74
81,34,42
81,35,10
81,36,91
81,37,59
81,38,27
81,39,108
81,40,76
81,41,44
81,42,12
81,43,93
81,44,61
81,45,29
81,46,110
81,47,78
81,48,46
81,49,14
81,50,95
81,51,63
81,52,31
81,53,112
81,54,80
81,55,48
81,56,16
81,57,97
81,58,65
81,59,33
81,60,1
81,61,82
81,62,50
81,63,18
81,64,99
81,65,67
81,66,35
81,67,3
81,68,84
81,69,52
81,70,20
81,71,101
81,72,69
81,73,37
81,74,5
81,75,86
81,76,54
81,77,22
81,78,103
81,79,71
81,80,39
81,81,7
81,82,88
81,83,56
81,84,24
81,85,105
81,86,73
81,87,41
81,88,9
81,89,90
81,90,58
81,91,26
81,92,107
81,93,75
81,94,43
81,95,11
81,96,92
81,97,60
81,98,28
81,99,109
81,100,77
81,101,45
81,102,13
81,103,94
81,104,62
81,105,30
81,106,111
81,107,79
81,108,47
81,109,15
81,110,96
81,111,64
81,112,32
82,0,0
82,1,82
82,2,51
82,3,20
82,4,102
82,5,71
82,6,40
82,7,9
82,8,91
82,9,60
82,10,29
82,11,111
82,12,80
82,13,49
82,14,18
82,15,100
82,16,69
82,17,38
82,18,7
82,19,89
82,20,58
82,21,27
82,22,109
82,23,78
82,24,47
82,25,16
82,26,98
82,27,67
82,28,36
82,29,5
82,30,87
82,31,56
82,32,25
82,33,107
82,34,76
82,35,45
82,36,14
82,37,96
82,38,65
82,39,34
82,40,3
82,41,85
82,42,54
82,43,23
82,44,105
82,45,74
82,46,43
82,47,12
82,48,94
82,49,63
82,50,32
82,51,1
82,52,83
82,53,52
82,54,21
82,55,103
82,56,72
82,57,41
82,58,10
82,59,92
82,60,61
82,61,30
82,62,112
82,63,81
82,64,50
82,65,19
82,66,101
82,67,70
82,68,39
82,69,8
82,70,90
82,71,59
82,72,28
82,73,110
82,74,79
82,75,48
82,76,17
82,77,99
82,78,68
82,79,37
82,80,6
82,81,88
82,82,57
82,83,26
82,84,108
82,85,77
82,86,46
82,87,15
82,88,97
82,89,66
82,90,35
82,91,4
82,92,86
82,93,55
82,94,24
82,95,106
82,96,75
82,97,44
82,98,13
82,99,95
82,100,64
82,101,33
82,102,2
82,103,84
82,104,53
82,105,22
82,106,104
82,107,73
82,108,42
82,109,11
82,110,93
82,111,62
82,112,31
83,0,0
83,1,83
83,2,53
83,3,23
83,4,106
83,5,76
83,6,46
83,7,16
83,8,99
83,9,69
83,10,39
83,11,9
83,12,92
83,13,62
83,14,32
83,15,2
83,16,85
83,17,55
83,18,25
83,19,108
83,20,78
83,21,48
83,22,18
83,23,101
83,24,71
83,25,41
83,26,11
83,27,94
83,28,64
83,29,34
83,30,4
83,31,87
83,32,57
83,33,27
83,34,110
83,35,80
83,36,50
83,37,20
83,38,103
83,39,73
83,40,43
83,41,13
83,42,96
83,43,66
83,44,36
83,45,6
83,46,89
83,47,59
83,48,29
83,49,112
83,50,82
83,51,52
83,52,22
83,53,105
83,54,75
83,55,45
83,56,15
83,57,98
83,58,68
83,59,38
83,60,8
83,61,91
83,62,61
83,63,31
83,64,1
83,65,84
83,66,54
83,67,24
83,68,107
83,69,77
83,70,47
83,71,17
83,72,100
83,73,70
83,74,40
83,75,10
83,76,93
83,77,63
83,78,33
83,79,3
83,80,86
83,81,56
83,82,26
83,83,109
83,84,79
83,85,49
83,86,19
83,87,102
83,88,72
83,89,42
83,90,12
83,91,95
83,92,65
83,93,35
83,94,5
83,95,88
83,96,58
83,97,28
83,98,111
83,99,81
83,100,51
83,101,21
83,102,104
83,103,74
83,104,44
83,105,14
83,106,97
83,107,67
83,108,37
83,109,7
83,110,90
83,111,60
83,112,30
84,0,0
84,1,84
84,2,55
84,3,26
84,4,110
84,5,81
84,6,52
84,7,23
84,8,107
84,9,78
84,10,49
84,11,20
84,12,104
84,13,75
84,14,46
84,15,17
84,16,101
84,17,72
84,18,43
84,19,14
84,20,98
84,21,69
84,22,40
84,23,11
84,24,95
84,25,66
84,26,37
84,27,8
84,28,92
84,29,63
84,30,34
84,31,5
84,32,89
84,33,60
84,34,31
84,35,2
84,36,86
84,37,57
84,38,28
84,39,112
84,40,83
84,41,54
84,42,25
84,43,109
84,44,80
84,45,51
84,46,22
84,47,106
84,48,77
84,49,48
84,50,19
84,51,103
84,52,74
84,53,45
84,54,16
84,55,100
84,56,71
84,57,42
84,58,13
84,59,97
84,60,68
84,61,39
84,62,10
84,63,94
84,64,65
84,65,36
84,66,7
84,67,91
84,68,62
84,69,33
84,70,4
84,71,88
84,72,59
84,73,30
84,74,1
84,75,85
84,76,56
84,77,27
84,78,111
84,79,82
84,80,53
84,81,24
84,82,108
84,83,79
84,84,50
84,85,21
84,86,105
84,87,76
84,88,47
84,89,18
84,90,102
84,91,73
84,92,44
84,93,15
84,94,99
84,95,70
84,96,41
84,97,12
84,98,96
84,99,67
84,100,38
84,101,9
84,102,93
84,103,64
84,104,35
84,105,6
84,106,90
84,107,61
84,108,32
84,109,3
84,110,87
84,111,58
84,112,29
85,0,0
85,1,85
85,2,57
85,3,29
85,4,1
85,5,86
85,6,58
85,7,30
85,8,2
85,9,87
85,10,59
85,11,31
85,12,3
85,13,88
85,14,60
85,15,32
85,16,4
85,17,89
85,18,61
85,19,33
85,20,5
85,21,90
85,22,62
85,23,34
85,24,6
85,25,91
85,26,63
85,27,35
85,28,7
85,29,92
85,30,64
85,31,36
85,32,8
85,33,93
85,34,65
85,35,37
85,36,9
85,37,94
85,38,66
85,39,38
85,40,10
85,41,95
85,42,67
85,43,39
85,44,11
85,45,96
85,46,68
85,47,40
85,48,12
85,49,97
85,50,69
85,51,41
85,52,13
85,53,98
85,54,70
85,55,42
85,56,14
85,57,99
85,58,71
85,59,43
85,60,15
85,61,100
85,62,72
85,63,44
85,64,16
85,65,101
85,66,73
85,67,45
85,68,17
85,69,102
85,70,74
85,71,46
85,72,18
85,73,103
85,74,75
85,75,47
85,76,19
85,77,104
85,78,76
85,79,48
85,80,20
85,81,105
85,82,77
85,83,49
85,84,21
85,85,106
85,86,78
85,87,50
85,88,22
85,89,107
85,90,79
85,91,51
85,92,23
85,93,108
85,94,80
85,95,52
85,96,24
85,97,109
85,98,81
85,99,53
85,100,25
85,101,110
85,102,82
85,103,54
85,104,26
85,105,111
85,106,83
85,107,55
85,108,27
85,109,112
85,110,84
85,111,56
85,112,28
86,0,0
86,1,86
86,2,59
86,3,32
86,4,5
86,5,91
86,6,64
86,7,37
86,8,10
86,9,96
86,10,69
86,11,42
86,12,15
86,13,101
86,14,74
86,15,47
86,16,20
86,17,106
86,18,79
86,19,52
86,20,25
86,21,111
86,22,84
86,23,57
86,24,30
86,25,3
86,26,89
86,27,62
86,28,35
86,29,8
86,30,94
86,31,67
86,32,40
86,33,13
86,34,99
86,35,72
86,36,45
86,37,18
86,38,104
86,39,77
86,40,50
86,41,23
86,42,109
86,43,82
86,44,55
86,45,28
86,46,1
86,47,87
86,48,60
86,49,33
86,50,6
86,51,92
86,52,65
86,53,38
86,54,11
86,55,97
86,56,70
86,57,43
86,58,16
86,59,102
86,60,75
86,61,48
86,62,21
86,63,107
86,64,80
86,65,53
86,66,26
86,67,112
86,68,85
86,69,58
86,70,31
86,71,4
86,72,90
86,73,63
86,74,36
86,75,9
86,76,95
86,77,68
86,78,41
86,79,14
86,80,100
86,81,73
86,82,46
86,83,19
86,84,105
86,85,78
86,86,51
86,87,24
86,88,110
86,89,83
86,90,56
86,91,29
86,92,2
86,93,88
86,94,61
86,95,34
86,96,7
86,97,93
86,98,66
86,99,39
86,100,12
86,101,98
86,102,71
86,103,44
86,104,17
86,105,103
86,106,76
86,107,49
86,108,22
86,109,108
86,110,81
86,111,54
86,112,27
87,0,0
87,1,87
87,2,61
87,3,35
87,4,9
87,5,96
87,6,70
87,7,44
87,8,18
87,9,105
87,10,79
87,11,53
87,12,27
87,13,1
87,14,88
87,15,62
87,16,36
87,17,10
87,18,97
87,19,71
87,20,45
87,21,19
87,22,106
87,23,80
87,24,54
87,25,28
87,26,2
87,27,89
87,28,63
87,29,37
87,30,11
87,31,98
87,32,72
87,33,46
87,34,20
87,35,107
87,36,81
87,37,55
87,38,29
87,39,3
87,40,90
87,41,64
87,42,38
87,43,12
87,44,99
87,45,73
87,46,47
87,47,21
87,48,108
87,49,82
87,50,56
87,51,30
87,52,4
87,53,91
87,54,65
87,55,39
87,56,13
87,57,100
87,58,74
87,59,48
87,60,22
87,61,109
87,62,83
87,63,57
87,64,31
87,65,5
87,66,92
87,67,66
87,68,40
87,69,14
87,70,101
87,71,75
87,72,49
87,73,23
87,74,110
87,75,84
87,76,58
87,77,32
87,78,6
87,79,93
87,80,67
87,81,41
87,82,15
87,83,102
87,84,76
87,85,50
87,86,24
87,87,111
87,88,85
87,89,59
87,90,33
87,91,7
87,92,94
87,93,68
87,94,42
87,95,16
87,96,103
87,97,77
87,98,51
87,99,25
87,100,112
87,101,86
87,102,60
87,103,34
87,104,8
87,105,95
87,106,69
87,107,43
87,108,17
87,109,104
87,110,78
87,111,52
87,112,26
88,0,0
88,1,88
88,2,63
88,3,38
88,4,13
88,5,101
88,6,76
88,7,51
88,8,26
88,9,1
88,10,89
88,11,64
88,12,39
88,13,14
88,14,102
88,15,77
88,16,52
88,17,27
88,18,2
88,19,90
88,20,65
88,21,40
88,22,15
88,23,103
88,24,78
88,25,53
88,26,28
88,27,3
88,28,91
88,29,66
88,30,41
88,31,16
88,32,104
88,33,79
88,34,54
88,35,29
88,36,4
88,37,92
88,38,67
88,39,42
88,40,17
88,41,105
88,42,80
88,43,55
88,44,30
88,45,5
88,46,93
88,47,68
88,48,43
88,49,18
88,50,106
88,51,81
88,52,56
88,53,31
88,54,6
88,55,94
88,56,69
88,57,44
88,58,19
88,59,107
88,60,82
88,61,57
88,62,32
88,63,7
88,64,95
88,65,70
88,66,45
88,67,20
88,68,108
88,69,83
88,70,58
88,71,33
88,72,8
88,73,96
88,74,71
88,75,46
88,76,21
88,77,109
88,78,84
88,79,59
88,80,34
88,81,9
88,82,97
88,83,72
88,84,47
88,85,22
88,86,110
88,87,85
88,88,60
88,89,35
88,90,10
88,91,98
88,92,73
88,93,48
88,94,23
88,95,111
88,96,86
88,97,61
88,98,36
88,99,11
88,100,99
88,101,74
88,102,49
88,103,24
88,104,112
88,105,87
88,106,62
88,107,37
88,108,12
88,109,100
88,110,75
88,111,50
88,112,25
89,0,0
89,1,89
89,2,65
89,3,41
89,4,17
89,5,106
89,6,82
89,7,58
89,8,34
89,9,10
89,10,99
89,11,75
89,12,51
89,13,27
89,14,3
89,15,92
89,16,68
89,17,44
89,18,20
89,19,109
89,20,85
89,21,61
89,22,37
89,23,13
89,24,102
89,25,78
89,26,54
89,27,30
89,28,6
89,29,95
89,30,71
89,31,47
89,32,23
89,33,112
89,34,88
89,35,64
89,36,40
89,37,16
89,38,105
89,39,81
89,40,57
89,41,33
89,42,9
89,43,98
89,44,74
89,45,50
89,46,26
89,47,2
89,48,91
89,49,67
89,50,43
89,51,19
89,52,108
89,53,84
89,54,60
89,55,36
89,56,12
89,57,101
89,58,77
89,59,53
89,60,29
89,61,5
89,62,94
89,63,70
89,64,46
89,65,22
89,66,111
89,67,87
89,68,63
89,69,39
89,70,15
89,71,104
89,72,80
89,73,56
89,74,32
89,75,8
89,76,97
89,77,73
89,78,49
89,79,25
89,80,1
89,81,90
89,82,66
89,83,42
89,84,18
89,85,107
89,86,83
89,87,59
89,88,35
89,89,11
89,90,100
89,91,76
89,92,52
89,93,28
89,94,4
89,95,93
89,96,69
89,97,45
89,98,21
89,99,110
89,100,86
89,101,62
89,102,38
89,103,14
89,104,103
89,105,79
89,106,55
89,107,31
89,108,7
89,109,96
89,110,72
89,111,48
89,112,24
90,0,0
90,1,90
90,2,67
90,3,44
90,4,21
90,5,111
90,6,88
90,7,65
90,8,42
90,9,19
90,10,109
90,11,86
90,12,63
90,13,40
90,14,17
90,15,107
90,16,84
90,17,61
90,18,38
90,19,15
90,20,105
90,21,82
90,22,59
90,23,36
90,24,13
90,25,103
90,26,80
90,27,57
90,28,34
90,29,11
90,30,101
90,31,78
90,32,55
90,33,32
90,34,9
90,35,99
90,36,76
90,37,53
90,38,30
90,39,7
90,40,97
90,41,74
90,42,51
90,43,28
90,44,5
90,45,95
90,46,72
90,47,49
90,48,26
90,49,3
90,50,93
90,51,70
90,52,47
90,53,24
90,54,1
90,55,91
90,56,68
90,57,45
90,58,22
90,59,112
90,60,89
90,61,66
90,62,43
90,63,20
90,64,110
90,65,87
90,66,64
90,67,41
90,68,18
90,69,108
90,70,85
90,71,62
90,72,39
90,73,16
90,74,106
90,75,83
90,76,60
90,77,37
90,78,14
90,79,104
90,80,81
90,81,58
90,82,35
90,83,12
90,84,102
90,85,79
90,86,56
90,87,33
90,88,10
90,89,100
90,90,77
90,91,54
90,92,31
90,93,8
90,94,98
90,95,75
90,96,52
90,97,29
90,98,6
90,99,96
90,100,73
90,101,50
90,102,27
90,103,4
90,104,94
90,105,71
90,106,48
90,107,25
90,108,2
90,109,92
90,110,69
90,111,46
90,112,23
91,0,0
91,1,91
91,2,69
91,3,47
91,4,25
91,5,3
91,6,94
91,7,72
91,8,50
91,9,28
91,10,6
91,11,97
91,12,75
91,13,53
91,14,31
91,15,9
91,16,100
91,17,78
91,18,56
91,19,34
91,20,12
91,21,103
91,22,81
91,23,59
91,24,37
91,25,15
91,26,106
91,27,84
91,28,62
91,29,40
91,30,18
91,31,109
91,32,87
91,33,65
91,34,43
91,35,21
91,36,112
91,37,90
91,38,68
91,39,46
91,40,24
91,41,2
91,42,93
91,43,71
91,44,49
91,45,27
91,46,5
91,47,96
91,48,74
91,49,52
91,50,30
91,51,8
91,52,99
91,53,77
91,54,55
91,55,33
91,56,11
91,57,102
91,58,80
91,59,58
91,60,36
91,61,14
91,62,105
91,63,83
91,64,61
91,65,39
91,66,17
91,67,108
91,68,86
91,69,64
91,70,42
91,71,20
91,72,111
91,73,89
91,74,67
91,75,45
91,76,23
91,77,1
91,78,92
91,79,70
91,80,48
91,81,26
91,82,4
91,83,95
91,84,73
91,85,51
91,86,29
91,87,7
91,88,98
91,89,76
91,90,54
91,91,32
91,92,10
91,93,101
91,94,79
91,95,57
91,96,35
91,97,13
91,98,104
91,99,82
91,100,60
91,101,38
91,102,16
91,103,107
91,104,85
91,105,63
91,106,41
91,107,19
91,108,110
91,109,88
91,110,66
91,111,44
91,112,22
92,0,0
92,1,92
92,2,71
92,3,50
92,4,29
92,5,8
92,6,100
92,7,79
92,8,58
92,9,37
92,10,16
92,11,108
92,12,87
92,13,66
92,14,45
92,15,24
92,16,3
92,17,95
92,18,74
92,19,53
92,20,32
92,21,11
92,22,103
92,23,82
92,24,61
92,25,40
92,26,19
92,27,111
92,28,90
92,29,69
92,30,48
92,31,27
92,32,6
92,33,98
92,34,77
92,35,56
92,36,35
92,37,14
92,38,106
92,39,85
92,40,64
92,41,43
92,42,22
92,43,1
92,44,93
92,45,72
92,46,51
92,47,30
92,48,9
92,49,101
92,50,80
92,51,59
92,52,38
92,53,17
92,54,109
92,55,88
92,56,67
92,57,46
92,58,25
92,59,4
92,60,96
92,61,75
92,62,54
92,63,33
92,64,12
92,65,104
92,66,83
92,67,62
92,68,41
92,69,20
92,70,112
92,71,91
92,72,70
92,73,49
92,74,28
92,75,7
92,76,99
92,77,78
92,78,57
92,79,36
92,80,15
92,81,107
92,82,86
92,83,65
92,84,44
92,85,23
92,86,2
92,87,94
92,88,73
92,89,52
92,90,31
92,91,10
92,92,102
92,93,81
92,94,60
92,95,39
92,96,18
92,97,110
92,98,89
92,99,68
92,100,47
92,101,26
92,102,5
92,103,97
92,104,76
92,105,55
92,106,34
92,107,13
92,108,105
92,109,84
92,110,63
92,111,42
92,112,21
93,0,0
93,1,93
93,2,73
93,3,53
93,4,33
93,5,13
93,6,106
93,7,86
93,8,66
93,9,46
93,10,26
93,11,6
93,12,99
93,13,79
93,14,59
93,15,39
93,16,19
93,17,112
93,18,92
93,19,72
93,20,52
93,21,32
93,22,12
93,23,105
93,24,85
93,25,65
93,26,45
93,27,25
93,28,5
93,29,98
93,30,78
93,31,58
93,32,38
93,33,18
93,34,111
93,35,91
93,36,71
93,37,51
93,38,31
93,39,11
93,40,104
93,41,84
93,42,64
93,43,44
93,44,24
93,45,4
93,46,97
93,47,77
93,48,57
93,49,37
93,50,17
93,51,110
93,52,90
93,53,70
93,54,50
93,55,30
93,56,10
93,57,103
93,58,83
93,59,63
93,60,43
93,61,23
93,62,3
93,63,96
93,64,76
93,65,56
93,66,36
93,67,16
93,68,109
93,69,89
93,70,69
93,71,49
93,72,29
93,73,9
93,74,102
93,75,82
93,76,62
93,77,42
93,78,22
93,79,2
93,80,95
93,81,75
93,82,55
93,83,35
93,84,15
93,85,108
93,86,88
93,87,68
93,88,48
93,89,28
93,90,8
93,91,101
93,92,81
93,93,61
93,94,41
93,95,21
93,96,1
93,97,94
93,98,74
93,99,54
93,100,34
93,101,14
93,102,107
93,103,87
93,104,67
93,105,47
93,106,27
93,107,7
93,108,100
93,109,80
93,110,60
93,111,40
93,112,20
94,0,0
94,1,94
94,2,75
94,3,56
94,4,37
94,5,18
94,6,112
94,7,93
94,8,74
94,9,55
94,10,36
94,11,17
94,12,111
94,13,92
94,14,73
94,15,54
94,16,35
94,17,16
94,18,110
94,19,91
94,20,72
94,21,53
94,22,34
94,23,15
94,24,109
94,25,90
94,26,71
94,27,52
94,28,33
94,29,14
94,30,108
94,31,89
94,32,70
94,33,51
94,34,32
94,35,13
94,36,107
94,37,88
94,38,69
94,39,50
94,40,31
94,41,12
94,42,106
94,43,87
94,44,68
94,45,49
94,46,30
94,47,11
94,48,105
94,49,86
94,50,67
94,51,48
94,52,29
94,53,10
94,54,104
94,55,85
94,56,66
94,57,47
94,58,28
94,59,9
94,60,103
94,61,84
94,62,65
94,63,46
94,64,27
94,65,8
94,66,102
94,67,83
94,68,64
94,69,45
94,70,26
94,71,7
94,72,101
94,73,82
94,74,63
94,75,44
94,76,25
94,77,6
94,78,100
94,79,81
94,80,62
94,81,43
94,82,24
94,83,5
94,84,99
94,85,80
94,86,61
94,87,42
94,88,23
94,89,4
94,90,98
94,91,79
94,92,60
94,93,41
94,94,22
94,95,3
94,96,97
94,97,78
94,98,59
94,99,40
94,100,21
94,101,2
94,102,96
94,103,77
94,104,58
94,105,39
94,106,20
94,107,1
94,108,95
94,109,76
94,110,57
94,111,38
94,112,19
95,0,0
95,1,95
95,2,77
95,3,59
95,4,41
95,5,23
95,6,5
95,7,100
95,8,82
95,9,64
95,10,46
95,11,28
95,12,10
95,13,105
95,14,87
95,15,69
95,16,51
95,17,33
95,18,15
95,19,110
95,20,92
95,21,74
95,22,56
95,23,38
95,24,20
95,25,2
95,26,97
95,27,79
95,28,61
95,29,43
95,30,25
95,31,7
95,32,102
95,33,84
95,34,66
95,35,48
95,36,30
95,37,12
95,38,107
95,39,89
95,40,71
95,41,53
95,42,35
95,43,17
95,44,112
95,45,94
95,46,76
95,47,58
95,48,40
95,49,22
95,50,4
95,51,99
95,52,81
95,53,63
95,54,45
95,55,27
95,56,9
95,57,104
95,58,86
95,59,68
95,60,50
95,61,32
95,62,14
95,63,109
95,64,91
95,65,73
95,66,55
95,67,37
95,68,19
95,69,1
95,70,96
95,71,78
95,72,60
95,73,42
95,74,24
95,75,6
95,76,101
95,77,83
95,78,65
95,79,47
95,80,29
95,81,11
95,82,106
95,83,88
95,84,70
95,85,52
95,86,34
95,87,16
95,88,111
95,89,93
95,90,75
95,91,57
95,92,39
95,93,21
95,94,3
95,95,98
95,96,80
95,97,62
95,98,44
95,99,26
95,100,8
95,101,103
95,102,85
95,103,67
95,104,49
95,105,31
95,106,13
95,107,108
95,108,90
95,109,72
95,110,54
95,111,36
95,112,18
96,0,0
96,1,96
96,2,79
96,3,62
96,4,45
96,5,28
96,6,11
96,7,107
96,8,90
96,9,73
96,10,56
96,11,39
96,12,22
96,13,5
96,14,101
96,15,84
96,16,67
96,17,50
96,18,33
96,19,16
96,20,112
96,21,95
96,22,78
96,23,61
96,24,44
96,25,27
96,26,10
96,27,106
96,28,89
96,29,72
96,30,55
96,31,38
96,32,21
96,33,4
96,34,100
96,35,83
96,36,66
96,37,49
96,38,32
96,39,15
96,40,111
96,41,94
96,42,77
96,43,60
96,44,43
96,45,26
96,46,9
96,47,105
96,48,88
96,49,71
96,50,54
96,51,37
96,52,20
96,53,3
96,54,99
96,55,82
96,56,65
96,57,48
96,58,31
96,59,14
96,60,110
96,61,93
96,62,76
96,63,59
96,64,42
96,65,25
96,66,8
96,67,104
96,68,87
96,69,70
96,70,53
96,71,36
96,72,19
96,73,2
96,74,98
96,75,81
96,76,64
96,77,47
96,78,30
96,79,13
96,80,109
96,81,92
96,82,75
96,83,58
96,84,41
96,85,24
96,86,7
96,87,103
96,88,86
96,89,69
96,90,52
96,91,35
96,92,18
96,93,1
96,94,97
96,95,80
96,96,63
96,97,46
96,98,29
96,99,12
96,100,108
96,101,91
96,102,74
96,103,57
96,104,40
96,105,23
96,106,6
96,107,102
96,108,85
96,109,68
96,110,51
96,111,34
96,112,17
97,0,0
97,1,97
97,2,81
97,3,65
97,4,49
97,5,33
97,6,17
97,7,1
97,8,98
97,9,82
97,10,66
97,11,50
97,12,34
97,13,18
97,14,2
97,15,99
97,16,83
97,17,67
97,18,51
97,19,35
97,20,19
97,21,3
97,22,100
97,23,84
97,24,68
97,25,52
97,26,36
97,27,20
97,28,4
97,29,101
97,30,85
97,31,69
97,32,53
97,33,37
97,34,21
97,35,5
97,36,102
97,37,86
97,38,70
97,39,54
97,40,38
97,41,22
97,42,6
97,43,103
97,44,87
97,45,71
97,46,55
97,47,39
97,48,23
97,49,7
97,50,104
97,51,88
97,52,72
97,53,56
97,54,40
97,55,24
97,56,8
97,57,105
97,58,89
97,59,73
97,60,57
97,61,41
97,62,25
97,63,9
97,64,106
97,65,90
97,66,74
97,67,58
97,68,42
97,69,26
97,70,10
97,71,107
97,72,91
97,73,75
97,74,59
97,75,43
97,76,27
97,77,11
97,78,108
97,79,92
97,80,76
97,81,60
97,82,44
97,83,28
97,84,12
97,85,109
97,86,93
97,87,77
97,88,61
97,89,45
97,90,29
97,91,13
97,92,110
97,93,94
97,94,78
97,95,62
97,96,46
97,97,30
97,98,14
97,99,111
97,100,95
97,101,79
97,102,63
97,103,47
97,104,31
97,105,15
97,106,112
97,107,96
97,108,80
97,109,64
97,110,48
97,111,32
97,112,16
98,0,0
98,1,98
98,2,83
98,3,68
98,4,53
98,5,38
98,6,23
98,7,8
98,8,106
98,9,91
98,10,76
98,11,61
98,12,46
98,13,31
98,14,16
98,15,1
98,16,99
98,17,84
98,18,69
98,19,54
98,20,39
98,21,24
98,22,9
98,23,107
98,24,92
98,25,77
98,26,62
98,27,47
98,28,32
98,29,17
98,30,2
98,31,100
98,32,85
98,33,70
98,34,55
98,35,40
98,36,25
98,37,10
98,38,108
98,39,93
98,40,78
98,41,63
98,42,48
98,43,33
98,44,18
98,45,3
98,46,101
98,47,86
98,48,71
98,49,56
98,50,41
98,51,26
98,52,11
98,53,109
98,54,94
98,55,79
98,56,64
98,57,49
98,58,34
98,59,19
98,60,4
98,61,102
98,62,87
98,63,72
98,64,57
98,65,42
98,66,27
98,67,12
98,68,110
98,69,95
98,70,80
98,71,65
98,72,50
98,73,35
98,74,20
98,75,5
98,76,103
98,77,88
98,78,73
98,79,58
98,80,43
98,81,28
98,82,13
98,83,111
98,84,96
98,85,81
98,86,66
98,87,51
98,88,36
98,89,21
98,90,6
98,91,104
98,92,89
98,93,74
98,94,59
98,95,44
98,96,29
98,97,14
98,98,112
98,99,97
98,100,82
98,101,67
98,102,52
98,103,37
98,104,22
98,105,7
98,106,105
98,107,90
98,108,75
98,109,60
98,110,45
98,111,30
98,112,15
99,0,0
99,1,99
99,2,85
99,3,71
99,4,57
99,5,43
99,6,29
99,7,15
99,8,1
99,9,100
99,10,86
99,11,72
99,12,58
99,13,44
99,14,30
99,15,16
99,16,2
99,17,101
99,18,87
99,19,73
99,20,59
99,21,45
99,22,31
99,23,17
99,24,3
99,25,102
99,26,88
99,27,74
99,28,60
99,29,46
99,30,32
99,31,18
99,32,4
99,33,103
99,34,89
99,35,75
99,36,61
99,37,47
99,38,33
99,39,19
99,40,5
99,41,104
99,42,90
99,43,76
99,44,62
99,45,48
99,46,34
99,47,20
99,48,6
99,49,105
99,50,91
99,51,77
99,52,63
99,53,49
99,54,35
99,55,21
99,56,7
99,57,106
99,58,92
99,59,78
99,60,64
99,61,50
99,62,36
99,63,22
99,64,8
99,65,107
99,66,93
99,67,79
99,68,65
99,69,51
99,70,37
99,71,23
99,72,9
99,73,108
99,74,94
99,75,80
99,76,66
99,77,52
99,78,38
99,79,24
99,80,10
99,81,109
99,82,95
99,83,81
99,84,67
99,85,53
99,86,39
99,87,25
99,88,11
99,89,110
99,90,96
99,91,82
99,92,68
99,93,54
99,94,40
99,95,26
99,96,12
99,97,111
99,98,97
99,99,83
99,100,69
99,101,55
99,102,41
99,103,27
99,104,13
99,105,112
99,106,98
99,107,84
99,108,70
99,109,56
99,110,42
99,111,28
99,112,14
100,0,0
100,1,100
100,2,87
100,3,74
100,4,61
100,5,48
100,6,35
100,7,22
100,8,9
100,9,109
100,10,96
100,11,83
100,12,70
100,13,57
100,14,44
100,15,31
100,16,18
100,17,5
100,18,105
100,19,92
100,20,79
100,21,66
100,22,53
100,23,40
100,24,27
100,25,14
100,26,1
100,27,101
100,28,88
100,29,75
100,30,62
100,31,49
100,32,36
100,33,23
100,34,10
100,35,110
100,36,97
100,37,84
100,38,71
100,39,58
100,40,45
100,41,32
100,42,19
100,43,6
100,44,106
100,45,93
100,46,80
100,47,67
100,48,54
100,49,41
100,50,28
100,51,15
100,52,2
100,53,102
100,54,89
100,55,76
100,56,63
100,57,50
100,58,37
100,59,24
100,60,11
100,61,111
100,62,98
100,63,85
100,64,72
100,65,59
100,66,46
100,67,33
100,68,20
100,69,7
100,70,107
100,71,94
100,72,81
100,73,68
100,74,55
100,75,42
100,76,29
100,77,16
100,78,3
100,79,103
100,80,90
100,81,77
100,82,64
100,83,51
100,84,38
100,85,25
100,86,12
100,87,112
100,88,99
100,89,86
100,90,73
100,91,60
100,92,47
100,93,34
100,94,21
100,95,8
100,96,108
100,97,95
100,98,82
100,99,69
100,100,56
100,101,43
100,102,30
100,103,17
100,104,4
100,105,104
100,106,91
100,107,78
100,108,65
100,109,52
100,110,39
100,111,26
100,112,13
101,0,0
101,1,101
101,2,89
101,3,77
101,4,65
101,5,53
101,6,41
101,7,29
101,8,17
101,9,5
101,10,106
101,11,94
101,12,82
101,13,70
101,14,58
101,15,46
101,16,34
101,17,22
101,18,10
101,19,111
101,20,99
101,21,87
101,22,75
101,23,63
101,24,51
101,25,39
101,26,27
101,27,15
101,28,3
101,29,104
101,30,92
101,31,80
101,32,68
101,33,56
101,34,44
101,35,32
101,36,20
101,37,8
101,38,109
101,39,97
101,40,85
101,41,73
101,42,61
101,43,49
101,44,37
101,45,25
101,46,13
101,47,1
101,48,102
101,49,90
101,50,78
101,51,66
101,52,54
101,53,42
101,54,30
101,55,18
101,56,6
101,57,107
101,58,95
101,59,83
101,60,71
101,61,59
101,62,47
101,63,35
101,64,23
101,65,11
101,66,112
101,67,100
101,68,88
101,69,76
101,70,64
101,71,52
101,72,40
101,73,28
101,74,16
101,75,4
101,76,105
101,77,93
101,78,81
101,79,69
101,80,57
101,81,45
101,82,33
101,83,21
101,84,9
101,85,110
101,86,98
101,87,86
101,88,74
101,89,62
101,90,50
101,91,38
101,92,26
101,93,14
101,94,2
101,95,103
101,96,91
101,97,79
101,98,67
101,99,55
101,100,43
101,101,31
101,102,19
101,103,7
101,104,108
101,105,96
101,106,84
101,107,72
101,108,60
101,109,48
101,110,36
101,111,24
101,112,12
102,0,0
102,1,102
102,2,91
102,3,80
102,4,69
102,5,58
102,6,47
102,7,36
102,8,25
102,9,14
102,10,3
102,11,105
102,12,94
102,13,83
102,14,72
102,15,61
102,16,50
102,17,39
102,18,28
102,19,17
102,20,6
102,21,108
102,22,97
102,23,86
102,24,75
102,25,64
102,26,53
102,27,42
102,28,31
102,29,20
102,30,9
102,31,111
102,32,100
102,33,89
102,34,78
102,35,67
102,36,56
102,37,45
102,38,34
102,39,23
102,40,12
102,41,1
102,42,103
102,43,92
102,44,81
102,45,70
102,46,59
102,47,48
102,48,37
102,49,26
102,50,15
102,51,4
102,52,106
102,53,95
102,54,84
102,55,73
102,56,62
102,57,51
102,58,40
102,59,29
102,60,18
102,61,7
102,62,109
102,63,98
102,64,87
102,65,76
102,66,65
102,67,54
102,68,43
102,69,32
102,70,21
102,71,10
102,72,112
102,73,101
102,74,90
102,75,79
102,76,68
102,77,57
102,78,46
102,79,35
102,80,24
102,81,13
102,82,2
102,83,104
102,84,93
102,85,82
102,86,71
102,87,60
102,88,49
102,89,38
102,90,27
102,91,16
102,92,5
102,93,107
102,94,96
102,95,85
102,96,74
102,97,63
102,98,52
102,99,41
102,100,30
102,101,19
102,102,8
102,103,110
102,104,99
102,105,88
102,106,77
102,107,66
102,108,55
102,109,44
102,110,33
102,111,22
102,112,11
103,0,0
103,1,103
103,2,93
103,3,83
103,4,73
103,5,63
103,6,53
103,7,43
103,8,33
103,9,23
103,10,13
103,11,3
103,12,106
103,13,96
103,14,86
103,15,76
103,16,66
103,17,56
103,18,46
103,19,36
103,20,26
103,21,16
103,22,6
103,23,109
103,24,99
103,25,89
103,26,79
103,27,69
103,28,59
103,29,49
103,30,39
103,31,29
103,32,19
103,33,9
103,34,112
103,35,102
103,36,92
103,37,82
103,38,72
103,39,62
103,40,52
103,41,42
103,42,32
103,43,22
103,44,12
103,45,2
103,46,105
103,47,95
103,48,85
103,49,75
103,50,65
103,51,55
103,52,45
103,53,35
103,54,25
103,55,15
103,56,5
103,57,108
103,58,98
103,59,88
103,60,78
103,61,68
103,62,58
103,63,48
103,64,38
103,65,28
103,66,18
103,67,8
103,68,111
103,69,101
103,70,91
103,71,81
103,72,71
103,73,61
103,74,51
103,75,41
103,76,31
103,77,21
103,78,11
103,79,1
103,80,104
103,81,94
103,82,84
103,83,74
103,84,64
103,85,54
103,86,44
103,87,34
103,88,24
103,89,14
103,90,4
103,91,107
103,92,97
103,93,87
103,94,77
103,95,67
103,96,57
103,97,47
103,98,37
103,99,27
103,100,17
103,101,7
103,102,110
103,103,100
103,104,90
103,105,80
103,106,70
103,107,60
103,108,50
103,109,40
103,110,30
103,111,20
103,112,10
104,0,0
104,1,104
104,2,95
104,3,86
104,4,77
104,5,68
104,6,59
104,7,50
104,8,41
104,9,32
104,10,23
104,11,14
104,12,5
104,13,109
104,14,100
104,15,91
104,16,82
104,17,73
104,18,64
104,19,55
104,20,46
104,21,37
104,22,28
104,23,19
104,24,10
104,25,1
104,26,105
104,27,96
104,28,87
104,29,78
104,30,69
104,31,60
104,32,51
104,33,42
104,34,33
104,35,24
104,36,15
104,37,6
104,38,110
104,39,101
104,40,92
104,41,83
104,42,74
104,43,65
104,44,56
104,45,47
104,46,38
104,47,29
104,48,20
104,49,11
104,50,2
104,51,106
104,52,97
104,53,88
104,54,79
104,55,70
104,56,61
104,57,52
104,58,43
104,59,34
104,60,25
104,61,16
104,62,7
104,63,111
104,64,102
104,65,93
104,66,84
104,67,75
104,68,66
104,69,57
104,70,48
104,71,39
104,72,30
104,73,21
104,74,12
104,75,3
104,76,107
104,77,98
104,78,89
104,79,80
104,80,71
104,81,62
104,82,53
104,83,44
104,84,35
104,85,26
104,86,17
104,87,8
104,88,112
104,89,103
104,90,94
104,91,85
104,92,76
104,93,67
104,94,58
104,95,49
104,96,40
104,97,31
104,98,22
104,99,13
104,100,4
104,101,108
104,102,99
104,103,90
104,104,81
104,105,72
104,106,63
104,107,54
104,108,45
104,109,36
104,110,27
104,111,18
104,112,9
105,0,0
105,1,105
105,2,97
105,3,89
105,4,81
105,5,73
105,6,65
105,7,57
105,8,49
105,9,41
105,10,33
105,11,25
105,12,17
105,13,9
105,14,1
105,15,106
105,16,98
105,17,90
105,18,82
105,19,74
105,20,66
105,21,58
105,22,50
105,23,42
105,24,34
105,25,26
105,26,18
105,27,10
105,28,2
105,29,107
105,30,99
105,31,91
105,32,83
105,33,75
105,34,67
105,35,59
105,36,51
105,37,43
105,38,35
105,39,27
105,40,19
105,41,11
105,42,3
105,43,108
105,44,100
105,45,92
105,46,84
105,47,76
105,48,68
105,49,60
105,50,52
105,51,44
105,52,36
105,53,28
105,54,20
105,55,12
105,56,4
105,57,109
105,58,101
105,59,93
105,60,85
105,61,77
105,62,69
105,63,61
105,64,53
105,65,45
105,66,37
105,67,29
105,68,21
105,69,13
105,70,5
105,71,110
105,72,102
105,73,94
105,74,86
105,75,78
105,76,70
105,77,62
105,78,54
105,79,46
105,80,38
105,81,30
105,82,22
105,83,14
105,84,6
105,85,111
105,86,103
105,87,95
105,88,87
105,89,79
105,90,71
105,91,63
105,92,55
105,93,47
105,94,39
105,95,31
105,96,23
105,97,15
105,98,7
105,99,112
105,100,104
105,101,96
105,102,88
105,103,80
105,104,72
105,105,64
105,106,56
105,107,48
105,108,40
105,109,32
105,110,24
105,111,16
105,112,8
106,0,0
106,1,106
106,2,99
106,3,92
106,4,85
106,5,78
106,6,71
106,7,64
106,8,57
106,9,50
106,10,43
106,11,36
106,12,29
106,13,22
106,14,15
106,15,8
106,16,1
106,17,107
106,18,100
106,19,93
106,20,86
106,21,79
106,22,72
106,23,65
106,24,58
106,25,51
106,26,44
106,27,37
106,28,30
106,29,23
106,30,16
106,31,9
106,32,2
106,33,108
106,34,101
106,35,94
106,36,87
106,37,80
106,38,73
106,39,66
106,40,59
106,41,52
106,42,45
106,43,38
106,44,31
106,45,24
106,46,17
106,47,10
106,48,3
106,49,109
106,50,102
106,51,95
106,52,88
106,53,81
106,54,74
106,55,67
106,56,60
106,57,53
106,58,46
106,59,39
106,60,32
106,61,25
106,62,18
106,63,11
106,64,4
106,65,110
106,66,103
106,67,96
106,68,89
106,69,82
106,70,75
106,71,68
106,72,61
106,73,54
106,74,47
106,75,40
106,76,33
106,77,26
106,78,19
106,79,12
106,80,5
106,81,111
106,82,104
106,83,97
106,84,90
106,85,83
106,86,76
106,87,69
106,88,62
106,89,55
106,90,48
106,91,41
106,92,34
106,93,27
106,94,20
106,95,13
106,96,6
106,97,112
106,98,105
106,99,98
106,100,91
106,101,84
106,102,77
106,103,70
106,104,63
106,105,56
106,106,49
106,107,42
106,108,35
106,109,28
106,110,21
106,111,14
106,112,7
107,0,0
107,1,107
107,2,101
107,3,95
107,4,89
107,5,83
107,6,77
107,7,71
107,8,65
107,9,59
107,10,53
107,11,47
107,12,41
107,13,35
107,14,29
107,15,23
107,16,17
107,17,11
107,18,5
107,19,112
107,20,106
107,21,100
107,22,94
107,23,88
107,24,82
107,25,76
107,26,70
107,27,64
107,28,58
107,29,52
107,30,46
107,31,40
107,32,34
107,33,28
107,34,22
107,35,16
107,36,10
107,37,4
107,38,111
107,39,105
107,40,99
107,41,93
107,42,87
107,43,81
107,44,75
107,45,69
107,46,63
107,47,57
107,48,51
107,49,45
107,50,39
107,51,33
107,52,27
107,53,21
107,54,15
107,55,9
107,56,3
107,57,110
107,58,104
107,59,98
107,60,92
107,61,86
107,62,80
107,63,74
107,64,68
107,65,62
107,66,56
107,67,50
107,68,44
107,69,38
107,70,32
107,71,26
107,72,20
107,73,14
107,74,8
107,75,2
107,76,109
107,77,103
107,78,97
107,79,91
107,80,85
107,81,79
107,82,73
107,83,67
107,84,61
107,85,55
107,86,49
107,87,43
107,88,37
107,89,31
107,90,25
107,91,19
107,92,13
107,93,7
107,94,1
107,95,108
107,96,102
107,97,96
107,98,90
107,99,84
107,100,78
107,101,72
107,102,66
107,103,60
107,104,54
107,105,48
107,106,42
107,107,36
107,108,30
107,109,24
107,110,18
107,111,12
107,112,6
108,0,0
108,1,108
108,2,103
108,3,98
108,4,93
108,5,88
108,6,83
108,7,78
108,8,73
108,9,68
108,10,63
108,11,58
108,12,53
108,13,48
108,14,43
108,15,38
108,16,33
108,17,28
108,18,23
108,19,18
108,20,13
108,21,8
108,22,3
108,23,111
108,24,106
108,25,101
108,26,96
108,27,91
108,28,86
108,29,81
108,30,76
108,31,71
108,32,66
108,33,61
108,34,56
108,35,51
108,36,46
108,37,41
108,38,36
108,39,31
108,40,26
108,41,21
108,42,16
108,43,11
108,44,6
108,45,1
108,46,109
108,47,104
108,48,99
108,49,94
108,50,89
108,51,84
108,52,79
108,53,74
108,54,69
108,55,64
108,56,59
108,57,54
108,58,49
108,59,44
108,60,39
108,61,34
108,62,29
108,63,24
108,64,19
108,65,14
108,66,9
108,67,4
108,68,112
108,69,107
108,70,102
108,71,97
108,72,92
108,73,87
108,74,82
108,75,77
108,76,72
108,77,67
108,78,62
108,79,57
108,80,52
108,81,47
108,82,42
108,83,37
108,84,32
108,85,27
108,86,22
108,87,17
108,88,12
108,89,7
108,90,2
108,91,110
108,92,105
108,93,100
108,94,95
108,95,90
108,96,85
108,97,80
108,98,75
108,99,70
108,100,65
108,101,60
108,102,55
108,103,50
108,104,45
108,105,40
108,106,35
108,107,30
108,108,25
108,109,20
108,110,15
108,111,10
108,112,5
109,0,0
109,1,109
109,2,105
109,3,101
109,4,97
109,5,93
109,6,89
109,7,85
109,8,81
109,9,77
109,10,73
109,11,69
109,12,65
109,13,61
109,14,57
109,15,53
109,16,49
109,17,45
109,18,41
109,19,37
109,20,33
109,21,29
109,22,25
109,23,21
109,24,17
109,25,13
109,26,9
109,27,5
109,28,1
109,29,110
109,30,106
109,31,102
109,32,98
109,33,94
109,34,90
109,35,86
109,36,82
109,37,78
109,38,74
109,39,70
109,40,66
109,41,62
109,42,58
109,43,54
109,44,50
109,45,46
109,46,42
109,47,38
109,48,34
109,49,30
109,50,26
109,51,22
109,52,18
109,53,14
109,54,10
109,55,6
109,56,2
109,57,111
109,58,107
109,59,103
109,60,99
109,61,95
109,62,91
109,63,87
109,64,83
109,65,79
109,66,75
109,67,71
109,68,67
109,69,63
109,70,59
109,71,55
109,72,51
109,73,47
109,74,43
109,75,39
109,76,35
109,77,31
109,78,27
109,79,23
109,80,19
109,81,15
109,82,11
109,83,7
109,84,3
109,85,112
109,86,108
109,87,104
109,88,100
109,89,96
109,90,92
109,91,88
109,92,84
109,93,80
109,94,76
109,95,72
109,96,68
109,97,64
109,98,60
109,99,56
109,100,52
109,101,48
109,102,44
109,103,40
109,104,36
109,105,32
109,106,28
109,107,24
109,108,20
109,109,16
109,110,12
109,111,8
109,112,4
110,0,0
110,1,110
110,2,107
110,3,104
110,4,101
110,5,98
110,6,95
110,7,92
110,8,89
110,9,86
110,10,83
110,11,80
110,12,77
110,13,74
110,14,71
110,15,68
110,16,65
110,17,62
110,18,59
110,19,56
110,20,53
110,21,50
110,22,47
110,23,44
110,24,41
110,25,38
110,26,35
110,27,32
110,28,29
110,29,26
110,30,23
110,31,20
110,32,17
110,33,14
110,34,11
110,35,8
110,36,5
110,37,2
110,38,112
110,39,109
110,40,106
110,41,103
110,42,100
110,43,97
110,44,94
110,45,91
110,46,88
110,47,85
110,48,82
110,49,79
110,50,76
110,51,73
110,52,70
110,53,67
110,54,64
110,55,61
110,56,58
110,57,55
110,58,52
110,59,49
110,60,46
110,61,43
110,62,40
110,63,37
110,64,34
110,65,31
110,66,28
110,67,25
110,68,22
110,69,19
110,70,16
110,71,13
110,72,10
110,73,7
110,74,4
110,75,1
110,76,111
110,77,108
110,78,105
110,79,102
110,80,99
110,81,96
110,82,93
110,83,90
110,84,87
110,85,84
110,86,81
110,87,78
110,88,75
110,89,72
110,90,69
110,91,66
110,92,63
110,93,60
110,94,57
110,95,54
110,96,51
110,97,48
110,98,45
110,99,42
110,100,39
110,101,36
110,102,33
110,103,30
110,104,27
110,105,24
110,106,21
110,107,18
110,108,15
110,109,12
110,110,9
110,111,6
110,112,3
111,0,0
111,1,111
111,2,109
111,3,107
111,4,105
111,5,103
111,6,101
111,7,99
111,8,97
111,9,95
111,10,93
111,11,91
111,12,89
111,13,87
111,14,85
111,15,83
111,16,81
111,17,79
111,18,77
111,19,75
111,20,73
111,21,71
111,22,69
111,23,67
111,24,65
111,25,63
111,26,61
111,27,59
111,28,57
111,29,55
111,30,53
111,31,51
111,32,49
111,33,47
111,34,45
111,35,43
111,36,41
111,37,39
111,38,37
111,39,35
111,40,33
111,41,31
111,42,29
111,43,27
111,44,25
111,45,23
111,46,21
111,47,19
111,48,17
111,49,15
111,50,13
111,51,11
111,52,9
111,53,7
111,54,5
111,55,3
111,56,1
111,57,112
111,58,110
111,59,108
111,60,106
111,61,104
111,62,102
111,63,100
111,64,98
111,65,96
111,66,94
111,67,92
111,68,90
111,69,88
111,70,86
111,71,84
111,72,82
111,73,80
111,74,78
111,75,76
111,76,74
111,77,72
111,78,70
111,79,68
111,80,66
111,81,64
111,82,62
111,83,60
111,84,58
111,85,56
111,86,54
111,87,52
111,88,50
111,89,48
111,90,46
111,91,44
111,92,42
111,93,40
111,94,38
111,95,36
111,96,34
111,97,32
111,98,30
111,99,28
111,100,26
111,101,24
111,102,22
111,103,20
111,104,18
111,105,16
111,106,14
111,107,12
111,108,10
111,109,8
111,110,6
111,111,4
111,112,2
112,0,0
112,1,112
112,2,111
112,3,110
112,4,109
112,5,108
112,6,107
112,7,106
112,8,105
112,9,104
112,10,103
112,11,102
112,12,101
112,13,100
112,14,99
112,15,98
112,16,97
112,17,96
112,18,95
112,19,94
112,20,93
112,21,92
112,22,91
112,23,90
112,24,89
112,25,88
112,26,87
112,27,86
112,28,85
112,29,84
112,30,83
112,31,82
112,32,81
112,33,80
112,34,79
112,35,78
112,36,77
112,37,76
112,38,75
112,39,74
112,40,73
112,41,72
112,42,71
112,43,70
112,44,69
112,45,68
112,46,67
112,47,66
112,48,65
112,49,64
112,50,63
112,51,62
112,52,61
112,53,60
112,54,59
112,55,58
112,56,57
112,57,56
112,58,55
112,59,54
112,60,53
112,61,52
112,62,51
112,63,50
112,64,49
112,65,48
112,66,47
112,67,46
112,68,45
112,69,44
112,70,43
112,71,42
112,72,41
112,73,40
112,74,39
112,75,38
112,76,37
112,77,36
112,78,35
112,79,34
112,80,33
112,81,32
112,82,31
112,83,30
112,84,29
112,85,28
112,86,27
112,87,26
112,88,25
112,89,24
112,90,23
112,91,22
112,92,21
112,93,20
112,94,19
112,95,18
112,96,17
112,97,16
112,98,15
112,99,14
112,100,13
112,101,12
112,102,11
112,103,10
112,104,9
112,105,8
112,106,7
112,107,6
112,108,5
112,109,4
112,110,3
112,111,2
112,112,1
